OID_,Value,Count,BPS_CODE,ZONE,BPS_MODEL,BPS_NAME,GROUPVEG,FRI_REPLAC,FRI_MIXED,FRI_SURFAC,FRI_ALLFIR,PRC_REPLAC,PRC_MIXED,PRC_SURFAC,FRG_NEW,R,G,B,RED,GREEN,BLUE,Field1,OID1,Value_1,Count_1,BPS_CODE_1,ZONE_1,BPS_MODEL_1,BPS_NAME_1,GROUPVEG_1,FRI_REPLAC_1,FRI_MIXED_1,FRI_SURFAC_1,FRI_ALLFIR_1,PRC_REPLAC_1,PRC_MIXED_1,PRC_SURFAC_1,FRG_NEW_1,R_1,G_1,B_1,RED_1,GREEN_1,BLUE_1,SI_FRG
2,-1111,3789.000000000000000,-1111,-1111,-1111,Fill-Not Mapped,Fill-Not Mapped,-9999,-9999,-9999,-9999,-9999,-9999,-9999,-9999,111,111,111,0.435294000000000,0.435294000000000,0.435294000000000,1,,-1111,3789,-1111,-1111,-1111,Fill-Not Mapped,Fill-Not Mapped,-9999,-9999,-9999,-9999,-9999,-9999,-9999,-9999,111,111,111,0.435294000000000,0.435294000000000,0.435294000000000,NA
3,11,13648792.000000000000000,11,0,0,Open Water,Open Water,-9999,-9999,-9999,-9999,-9999,-9999,-9999,-9999,0,0,255,0.000000000000000,0.000000000000000,1.000000000000000,2,,11,22609618,11,0,0,Open Water,Open Water,-9999,-9999,-9999,-9999,-9999,-9999,-9999,-9999,0,0,255,0.000000000000000,0.000000000000000,1.000000000000000,NA
5,31,4310.000000000000000,31,0,0,Barren-Rock/Sand/Clay,Barren-Rock/Sand/Clay,-9999,-9999,-9999,-9999,-9999,-9999,-9999,-9999,191,191,191,0.749020000000000,0.749020000000000,0.749020000000000,3,,31,72421,31,0,0,Barren-Rock/Sand/Clay,Barren-Rock/Sand/Clay,-9999,-9999,-9999,-9999,-9999,-9999,-9999,-9999,191,191,191,0.749020000000000,0.749020000000000,0.749020000000000,NA
1128,1563,6.000000000000000,13100,50,13100_44_50,North-Central Interior Dry-Mesic Oak Forest and Woodland,Hardwood,123,49,76,24,20,48,32,I-C,176,163,222,0.690196000000000,0.639216000000000,0.870588000000000,6,,1563,2540281,13100,50,13100_44_50,North-Central Interior Dry-Mesic Oak Forest and Woodland,Hardwood,123,49,76,24,20,48,32,I-C,176,163,222,0.690196000000000,0.639216000000000,0.870588000000000,Frequent
1131,1566,424.000000000000000,13140,50,13140_38_39_40_41_42_43_44_50,North-Central Interior Maple-Basswood Forest,Hardwood,1027,-9999,857,467,46,-9999,54,V-A,237,161,102,0.929412000000000,0.631373000000000,0.400000000000000,9,,1566,7646143,13140,50,13140_38_39_40_41_42_43_44_50,North-Central Interior Maple-Basswood Forest,Hardwood,1027,-9999,857,467,46,-9999,54,V-A,237,161,102,0.929412000000000,0.631373000000000,0.400000000000000,Rare
1134,1570,8071.000000000000000,13940,50,13940_50_51,North-Central Interior Oak Savanna,Hardwood,66,184,5,5,7,3,90,I-A,230,213,138,0.901961000000000,0.835294000000000,0.541176000000000,12,,1570,31924628,13940,50,13940_50_51,North-Central Interior Oak Savanna,Hardwood,66,184,5,5,7,3,90,I-A,230,213,138,0.901961000000000,0.835294000000000,0.541176000000000,Frequent
1135,1571,3.000000000000000,13950,50,13950_50,North-Central Oak Barrens,Hardwood,53,143,6,5,9,4,87,I-A,255,235,176,1.000000000000000,0.921569000000000,0.690196000000000,13,,1571,2946422,13950,50,13950_50,North-Central Oak Barrens,Hardwood,53,143,6,5,9,4,87,I-A,255,235,176,1.000000000000000,0.921569000000000,0.690196000000000,Frequent
1136,1572,3.000000000000000,14071,50,14071_41_50_51,Laurentian Pine-Oak Barrens,Hardwood-Conifer,109,75,5,4,4,6,90,I-A,153,66,0,0.600000000000000,0.258824000000000,0.000000000000000,14,,1572,1962167,14071,50,14071_41_50_51,Laurentian Pine-Oak Barrens,Hardwood-Conifer,109,75,5,4,4,6,90,I-A,153,66,0,0.600000000000000,0.258824000000000,0.000000000000000,Frequent
1143,1579,39136.000000000000000,14710,50,14710_41_50,Central Interior and Appalachian Floodplain Systems,Riparian,-9999,432,67,58,-9999,14,86,III-A,0,191,176,0.000000000000000,0.749020000000000,0.690196000000000,21,,1579,1345321,14710,50,14710_41_50,Central Interior and Appalachian Floodplain Systems,Riparian,-9999,432,67,58,-9999,14,86,III-A,0,191,176,0.000000000000000,0.749020000000000,0.690196000000000,Intermediate
1146,1582,364.000000000000000,14790,50,14790_41_42_47_48_50_51_53,Central Interior and Appalachian Swamp Systems,Riparian,987,-9999,-9999,987,100,-9999,-9999,V-B,207,61,255,0.811765000000000,0.239216000000000,1.000000000000000,24,,1582,1470098,14790,50,14790_41_42_47_48_50_51_53,Central Interior and Appalachian Swamp Systems,Riparian,987,-9999,-9999,987,100,-9999,-9999,V-B,207,61,255,0.811765000000000,0.239216000000000,1.000000000000000,Rare
1147,1583,12.000000000000000,14810,50,14810_41_50_51_63,Laurentian-Acadian Alkaline Conifer-Hardwood Swamp,Riparian,989,-9999,-9999,989,100,-9999,-9999,V-B,232,189,255,0.909804000000000,0.741176000000000,1.000000000000000,25,,1583,5206110,14810,50,14810_41_50_51_63,Laurentian-Acadian Alkaline Conifer-Hardwood Swamp,Riparian,989,-9999,-9999,989,100,-9999,-9999,V-B,232,189,255,0.909804000000000,0.741176000000000,1.000000000000000,Rare
1149,1585,342.000000000000000,14930,50,14930_41_42_44_50,Central Interior and Appalachian Shrub-Herbaceous Wetland Systems,Riparian,17,-9999,-9999,17,100,-9999,-9999,II-C,240,150,20,0.941176000000000,0.588235000000000,0.078431000000000,27,,1585,1312407,14930,50,14930_41_42_44_50,Central Interior and Appalachian Shrub-Herbaceous Wetland Systems,Riparian,17,-9999,-9999,17,100,-9999,-9999,II-C,240,150,20,0.941176000000000,0.588235000000000,0.078431000000000,Frequent
1151,1587,3767.000000000000000,15170,50,15170_42_49_50,Paleozoic Plateau Bluff and Talus,Hardwood-Conifer,15,126,102,12,79,9,12,II-B,106,117,0,0.415686000000000,0.458824000000000,0.000000000000000,29,,1587,4944865,15170,50,15170_42_49_50,Paleozoic Plateau Bluff and Talus,Hardwood-Conifer,15,126,102,12,79,9,12,II-B,106,117,0,0.415686000000000,0.458824000000000,0.000000000000000,Frequent
1152,1588,9895189.000000000000000,13022,41,13022_41_50_51,Laurentian-Acadian Northern Hardwoods Forest-Hemlock,Hardwood,2040,-9999,-9999,2040,100,-9999,-9999,V-B,76,230,0,0.298039000000000,0.901961000000000,0.000000000000000,30,,1588,15599773,13022,41,13022_41_50_51,Laurentian-Acadian Northern Hardwoods Forest-Hemlock,Hardwood,2040,-9999,-9999,2040,100,-9999,-9999,V-B,76,230,0,0.298039000000000,0.901961000000000,0.000000000000000,Rare
1153,1589,3.000000000000000,13022,41,13022_41_50_51,Laurentian-Acadian Northern Hardwoods Forest-Hemlock,Hardwood,2040,-9999,-9999,2040,100,-9999,-9999,V-B,76,230,150,0.298039000000000,0.901961000000000,0.588235000000000,31,,1589,1736311,13022,41,13022_41_50_51,Laurentian-Acadian Northern Hardwoods Forest-Hemlock,Hardwood,2040,-9999,-9999,2040,100,-9999,-9999,V-B,76,230,150,0.298039000000000,0.901961000000000,0.588235000000000,Rare
1154,1590,5633303.000000000000000,13100,41,13100_41_62,North-Central Interior Dry-Mesic Oak Forest and Woodland,Hardwood,74,56,23,13,18,24,58,I-B,176,163,222,0.690196000000000,0.639216000000000,0.870588000000000,32,,1590,7138141,13100,41,13100_41_62,North-Central Interior Dry-Mesic Oak Forest and Woodland,Hardwood,74,56,23,13,18,24,58,I-B,176,163,222,0.690196000000000,0.639216000000000,0.870588000000000,Frequent
1155,1591,11325762.000000000000000,13140,41,13140_38_39_40_41_42_43_44_50,North-Central Interior Maple-Basswood Forest,Hardwood,1027,-9999,857,467,46,-9999,54,V-A,237,161,102,0.929412000000000,0.631373000000000,0.400000000000000,33,,1591,12175250,13140,41,13140_38_39_40_41_42_43_44_50,North-Central Interior Maple-Basswood Forest,Hardwood,1027,-9999,857,467,46,-9999,54,V-A,237,161,102,0.929412000000000,0.631373000000000,0.400000000000000,Rare
1156,1592,457321.000000000000000,13310,41,13310_39_40_41,Eastern Great Plains Tallgrass Aspen Parkland,Hardwood,16,-9999,8,6,35,-9999,65,I-B,220,240,0,0.862745000000000,0.941176000000000,0.000000000000000,34,,1592,457321,13310,41,13310_39_40_41,Eastern Great Plains Tallgrass Aspen Parkland,Hardwood,16,-9999,8,6,35,-9999,65,I-B,220,240,0,0.862745000000000,0.941176000000000,0.000000000000000,Frequent
1157,1593,3459805.000000000000000,13440,41,13440_41,Boreal Jack Pine-Black Spruce Forest,Conifer,82,-9999,-9999,82,100,-9999,-9999,IV-A,255,140,140,1.000000000000000,0.549020000000000,0.549020000000000,35,,1593,3460366,13440,41,13440_41,Boreal Jack Pine-Black Spruce Forest,Conifer,82,-9999,-9999,82,100,-9999,-9999,IV-A,255,140,140,1.000000000000000,0.549020000000000,0.549020000000000,Intermediate
1158,1596,10154952.000000000000000,13651,41,13651_40_41_50,Boreal White Spruce-Fir-Hardwood Forest-Inland,Conifer,250,1468,-9999,213,85,15,-9999,V-A,147,194,114,0.576471000000000,0.760784000000000,0.447059000000000,36,,1596,13017646,13651,41,13651_40_41_50,Boreal White Spruce-Fir-Hardwood Forest-Inland,Conifer,250,1468,-9999,213,85,15,-9999,V-A,147,194,114,0.576471000000000,0.760784000000000,0.447059000000000,Rare
1159,1597,2162861.000000000000000,13652,41,13652_41,Boreal White Spruce-Fir-Hardwood Forest-Coastal,Conifer,939,1147,-9999,516,55,45,-9999,V-B,110,137,70,0.431373000000000,0.537255000000000,0.274510000000000,37,,1597,2537169,13652,41,13652_41,Boreal White Spruce-Fir-Hardwood Forest-Coastal,Conifer,939,1147,-9999,516,55,45,-9999,V-B,110,137,70,0.431373000000000,0.537255000000000,0.274510000000000,Rare
1160,1598,14716787.000000000000000,13653,41,13653_41,Boreal White Spruce-Fir-Hardwood Forest-Aspen-Birch,Conifer,112,243,-9999,76,68,32,-9999,III-A,255,255,145,1.000000000000000,1.000000000000000,0.568627000000000,38,,1598,14765199,13653,41,13653_41,Boreal White Spruce-Fir-Hardwood Forest-Aspen-Birch,Conifer,112,243,-9999,76,68,32,-9999,III-A,255,255,145,1.000000000000000,1.000000000000000,0.568627000000000,Intermediate
1161,1599,8752348.000000000000000,13940,41,13940_39_40_41,North-Central Interior Oak Savanna,Hardwood,550,165,5,5,1,3,96,I-A,230,213,138,0.901961000000000,0.835294000000000,0.541176000000000,39,,1599,8909275,13940,41,13940_39_40_41,North-Central Interior Oak Savanna,Hardwood,550,165,5,5,1,3,96,I-A,230,213,138,0.901961000000000,0.835294000000000,0.541176000000000,Frequent
1162,1600,2322689.000000000000000,13950,41,13950_41_42_43_49_52,North-Central Oak Barrens,Hardwood,341,246,5,5,1,2,97,I-A,255,235,176,1.000000000000000,0.921569000000000,0.690196000000000,40,,1600,2501596,13950,41,13950_41_42_43_49_52,North-Central Oak Barrens,Hardwood,341,246,5,5,1,2,97,I-A,255,235,176,1.000000000000000,0.921569000000000,0.690196000000000,Frequent
1163,1601,373462.000000000000000,14071,41,14071_41_50_51,Laurentian Pine-Oak Barrens,Hardwood-Conifer,109,75,5,4,4,6,90,I-A,153,66,0,0.600000000000000,0.258824000000000,0.000000000000000,41,,1601,498108,14071,41,14071_41_50_51,Laurentian Pine-Oak Barrens,Hardwood-Conifer,109,75,5,4,4,6,90,I-A,153,66,0,0.600000000000000,0.258824000000000,0.000000000000000,Frequent
1164,1602,8032298.000000000000000,14072,41,14072_41_50_51,Laurentian Pine-Oak Barrens-Jack Pine,Conifer,25,46,18,8,34,18,48,I-B,153,66,100,0.600000000000000,0.258824000000000,0.392157000000000,42,,1602,11046074,14072,41,14072_41_50_51,Laurentian Pine-Oak Barrens-Jack Pine,Conifer,25,46,18,8,34,18,48,I-B,153,66,100,0.600000000000000,0.258824000000000,0.392157000000000,Frequent
1165,1603,2831785.000000000000000,14120,41,14120_39_40_41_42_43_50_51,North-Central Interior Sand and Gravel Tallgrass Prairie,Grassland,4,-9999,87,3,96,-9999,4,II-A,214,0,157,0.839216000000000,0.000000000000000,0.615686000000000,43,,1603,3016992,14120,41,14120_39_40_41_42_43_50_51,North-Central Interior Sand and Gravel Tallgrass Prairie,Grassland,4,-9999,87,3,96,-9999,4,II-A,214,0,157,0.839216000000000,0.000000000000000,0.615686000000000,Frequent
1166,1604,10221095.000000000000000,14200,41,14200_41,Northern Tallgrass Prairie,Grassland,4,-9999,-9999,4,100,-9999,-9999,II-A,184,132,29,0.721569000000000,0.517647000000000,0.113725000000000,44,,1604,10630183,14200,41,14200_41,Northern Tallgrass Prairie,Grassland,4,-9999,-9999,4,100,-9999,-9999,II-A,184,132,29,0.721569000000000,0.517647000000000,0.113725000000000,Frequent
1167,1605,3110775.000000000000000,14440,41,14440_41_50_51,Eastern Boreal Floodplain,Hardwood,-9999,581,312,203,-9999,35,65,V-A,69,69,156,0.270588000000000,0.270588000000000,0.611765000000000,45,,1605,3308127,14440,41,14440_41_50_51,Eastern Boreal Floodplain,Hardwood,-9999,581,312,203,-9999,35,65,V-A,69,69,156,0.270588000000000,0.270588000000000,0.611765000000000,Rare
1168,1606,704425.000000000000000,14710,41,14710_41_50,Central Interior and Appalachian Floodplain Systems,Riparian,-9999,432,67,58,-9999,14,86,III-A,0,191,176,0.000000000000000,0.749020000000000,0.690196000000000,46,,1606,777077,14710,41,14710_41_50,Central Interior and Appalachian Floodplain Systems,Riparian,-9999,432,67,58,-9999,14,86,III-A,0,191,176,0.000000000000000,0.749020000000000,0.690196000000000,Intermediate
1169,1607,2206521.000000000000000,14750,41,14750_41_50_51_63_64_65_66,Laurentian-Acadian Floodplain Systems,Riparian,-9999,435,68,59,-9999,14,86,III-A,122,143,245,0.478431000000000,0.560784000000000,0.960784000000000,47,,1607,2298846,14750,41,14750_41_50_51_63_64_65_66,Laurentian-Acadian Floodplain Systems,Riparian,-9999,435,68,59,-9999,14,86,III-A,122,143,245,0.478431000000000,0.560784000000000,0.960784000000000,Intermediate
1170,1608,19443107.000000000000000,14770,41,14770_40_41_50_51,Boreal Acidic Peatland Systems,Riparian,716,-9999,123,105,15,-9999,85,III-B,106,0,138,0.415686000000000,0.000000000000000,0.541176000000000,48,,1608,20226923,14770,41,14770_40_41_50_51,Boreal Acidic Peatland Systems,Riparian,716,-9999,123,105,15,-9999,85,III-B,106,0,138,0.415686000000000,0.000000000000000,0.541176000000000,Intermediate
1171,1609,1034070.000000000000000,14790,41,14790_41_42_47_48_50_51_53,Central Interior and Appalachian Swamp Systems,Riparian,987,-9999,-9999,987,100,-9999,-9999,V-B,207,61,255,0.811765000000000,0.239216000000000,1.000000000000000,49,,1609,1102775,14790,41,14790_41_42_47_48_50_51_53,Central Interior and Appalachian Swamp Systems,Riparian,987,-9999,-9999,987,100,-9999,-9999,V-B,207,61,255,0.811765000000000,0.239216000000000,1.000000000000000,Rare
1172,1610,4589991.000000000000000,14810,41,14810_41_50_51_63,Laurentian-Acadian Alkaline Conifer-Hardwood Swamp,Riparian,989,-9999,-9999,989,100,-9999,-9999,V-B,232,189,255,0.909804000000000,0.741176000000000,1.000000000000000,50,,1610,5172351,14810,41,14810_41_50_51_63,Laurentian-Acadian Alkaline Conifer-Hardwood Swamp,Riparian,989,-9999,-9999,989,100,-9999,-9999,V-B,232,189,255,0.909804000000000,0.741176000000000,1.000000000000000,Rare
1173,1611,186.000000000000000,14920,41,14920_41_50_51_52_63,Great Lakes Coastal Marsh Systems,Riparian,-9999,-9999,-9999,-9999,-9999,-9999,-9999,-9999,122,245,202,0.478431000000000,0.960784000000000,0.792157000000000,51,,1611,2262,14920,41,14920_41_50_51_52_63,Great Lakes Coastal Marsh Systems,Riparian,-9999,-9999,-9999,-9999,-9999,-9999,-9999,-9999,122,245,202,0.478431000000000,0.960784000000000,0.792157000000000,NA
1174,1612,2538749.000000000000000,14930,41,14930_41_42_44_50,Central Interior and Appalachian Shrub-Herbaceous Wetland Systems,Riparian,17,-9999,-9999,17,100,-9999,-9999,II-C,240,150,20,0.941176000000000,0.588235000000000,0.078431000000000,52,,1612,2605159,14930,41,14930_41_42_44_50,Central Interior and Appalachian Shrub-Herbaceous Wetland Systems,Riparian,17,-9999,-9999,17,100,-9999,-9999,II-C,240,150,20,0.941176000000000,0.588235000000000,0.078431000000000,Frequent
1175,1613,4264237.000000000000000,14940,41,14940_41_50_51,Laurentian-Acadian Shrub-Herbaceous Wetland Systems,Riparian,18,-9999,-9999,18,100,-9999,-9999,II-C,0,168,107,0.000000000000000,0.658824000000000,0.419608000000000,53,,1613,4417560,14940,41,14940_41_50_51,Laurentian-Acadian Shrub-Herbaceous Wetland Systems,Riparian,18,-9999,-9999,18,100,-9999,-9999,II-C,0,168,107,0.000000000000000,0.658824000000000,0.419608000000000,Frequent
1207,1645,625.000000000000000,11620,40,11620_31_39_40,Western Great Plains Floodplain Systems,Riparian,250,94,196,51,20,54,26,III-A,102,153,205,0.400000000000000,0.600000000000000,0.803922000000000,82,,1645,625,11620,40,11620_31_39_40,Western Great Plains Floodplain Systems,Riparian,250,94,196,51,20,54,26,III-A,102,153,205,0.400000000000000,0.600000000000000,0.803922000000000,Intermediate
1208,1646,366950.000000000000000,13010,40,13010_40,Boreal Aspen-Birch Forest,Conifer,82,-9999,-9999,82,100,-9999,-9999,IV-A,255,245,56,1.000000000000000,0.960784000000000,0.219608000000000,83,,1646,366950,13010,40,13010_40,Boreal Aspen-Birch Forest,Conifer,82,-9999,-9999,82,100,-9999,-9999,IV-A,255,245,56,1.000000000000000,0.960784000000000,0.219608000000000,Intermediate
1209,1647,903.000000000000000,13020,40,13020_40,Laurentian-Acadian Northern Hardwoods Forest,Hardwood,2109,-9999,-9999,2109,100,-9999,-9999,V-B,76,230,0,0.298039000000000,0.901961000000000,0.000000000000000,84,,1647,903,13020,40,13020_40,Laurentian-Acadian Northern Hardwoods Forest,Hardwood,2109,-9999,-9999,2109,100,-9999,-9999,V-B,76,230,0,0.298039000000000,0.901961000000000,0.000000000000000,Rare
1210,1648,531024.000000000000000,13140,40,13140_38_39_40_41_42_43_44_50,North-Central Interior Maple-Basswood Forest,Hardwood,1027,-9999,857,467,46,-9999,54,V-A,237,161,102,0.929412000000000,0.631373000000000,0.400000000000000,85,,1648,531024,13140,40,13140_38_39_40_41_42_43_44_50,North-Central Interior Maple-Basswood Forest,Hardwood,1027,-9999,857,467,46,-9999,54,V-A,237,161,102,0.929412000000000,0.631373000000000,0.400000000000000,Rare
1211,1649,1351614.000000000000000,13310,40,13310_39_40_41,Eastern Great Plains Tallgrass Aspen Parkland,Hardwood,16,-9999,8,6,35,-9999,65,I-B,220,240,0,0.862745000000000,0.941176000000000,0.000000000000000,86,,1649,1351614,13310,40,13310_39_40_41,Eastern Great Plains Tallgrass Aspen Parkland,Hardwood,16,-9999,8,6,35,-9999,65,I-B,220,240,0,0.862745000000000,0.941176000000000,0.000000000000000,Frequent
1212,1650,114444.000000000000000,13651,40,13651_40_41_50,Boreal White Spruce-Fir-Hardwood Forest-Inland,Conifer,250,1468,-9999,213,85,15,-9999,V-A,147,194,114,0.576471000000000,0.760784000000000,0.447059000000000,87,,1650,114444,13651,40,13651_40_41_50,Boreal White Spruce-Fir-Hardwood Forest-Inland,Conifer,250,1468,-9999,213,85,15,-9999,V-A,147,194,114,0.576471000000000,0.760784000000000,0.447059000000000,Rare
1214,1652,1130534.000000000000000,13940,40,13940_39_40_41,North-Central Interior Oak Savanna,Hardwood,550,165,5,5,1,3,96,I-A,230,213,138,0.901961000000000,0.835294000000000,0.541176000000000,88,,1652,1130534,13940,40,13940_39_40_41,North-Central Interior Oak Savanna,Hardwood,550,165,5,5,1,3,96,I-A,230,213,138,0.901961000000000,0.835294000000000,0.541176000000000,Frequent
1215,1653,1712522.000000000000000,14120,40,14120_39_40_41_42_43_50_51,North-Central Interior Sand and Gravel Tallgrass Prairie,Grassland,4,-9999,87,3,96,-9999,4,II-A,214,0,157,0.839216000000000,0.000000000000000,0.615686000000000,89,,1653,1712522,14120,40,14120_39_40_41_42_43_50_51,North-Central Interior Sand and Gravel Tallgrass Prairie,Grassland,4,-9999,87,3,96,-9999,4,II-A,214,0,157,0.839216000000000,0.000000000000000,0.615686000000000,Frequent
1216,1654,18714555.000000000000000,14200,40,14200_39_40_42,Northern Tallgrass Prairie,Grassland,6,-9999,-9999,6,100,-9999,-9999,II-B,184,132,29,0.721569000000000,0.517647000000000,0.113725000000000,90,,1654,18714555,14200,40,14200_39_40_42,Northern Tallgrass Prairie,Grassland,6,-9999,-9999,6,100,-9999,-9999,II-B,184,132,29,0.721569000000000,0.517647000000000,0.113725000000000,Frequent
1217,1655,425790.000000000000000,14690,40,14690_31_39_40_43,Eastern Great Plains Floodplain Systems,Riparian,517,77,176,48,9,63,28,III-A,75,170,190,0.294118000000000,0.666667000000000,0.745098000000000,91,,1655,425790,14690,40,14690_31_39_40_43,Eastern Great Plains Floodplain Systems,Riparian,517,77,176,48,9,63,28,III-A,75,170,190,0.294118000000000,0.666667000000000,0.745098000000000,Intermediate
1218,1656,2622279.000000000000000,14770,40,14770_40_41_50_51,Boreal Acidic Peatland Systems,Riparian,716,-9999,123,105,15,-9999,85,III-B,106,0,138,0.415686000000000,0.000000000000000,0.541176000000000,92,,1656,2622279,14770,40,14770_40_41_50_51,Boreal Acidic Peatland Systems,Riparian,716,-9999,123,105,15,-9999,85,III-B,106,0,138,0.415686000000000,0.000000000000000,0.541176000000000,Intermediate
1219,1657,1140427.000000000000000,14820,40,14820_39_40,Great Plains Prairie Pothole,Grassland,50,-9999,-9999,50,100,-9999,-9999,IV-A,156,100,163,0.611765000000000,0.392157000000000,0.639216000000000,93,,1657,1140427,14820,40,14820_39_40,Great Plains Prairie Pothole,Grassland,50,-9999,-9999,50,100,-9999,-9999,IV-A,156,100,163,0.611765000000000,0.392157000000000,0.639216000000000,Intermediate
1220,1658,18471.000000000000000,14950,40,14950_31_39_40,Western Great Plains Depressional Wetland Systems,Riparian,20,-9999,-9999,20,100,-9999,-9999,II-C,104,0,156,0.407843000000000,0.000000000000000,0.611765000000000,94,,1658,18471,14950,40,14950_31_39_40,Western Great Plains Depressional Wetland Systems,Riparian,20,-9999,-9999,20,100,-9999,-9999,II-C,104,0,156,0.407843000000000,0.000000000000000,0.611765000000000,Frequent
1225,1663,267752.000000000000000,13100,39,13100_39,North-Central Interior Dry-Mesic Oak Forest and Woodland,Hardwood,112,43,47,19,17,43,40,I-C,176,163,222,0.690196000000000,0.639216000000000,0.870588000000000,95,,1663,267752,13100,39,13100_39,North-Central Interior Dry-Mesic Oak Forest and Woodland,Hardwood,112,43,47,19,17,43,40,I-C,176,163,222,0.690196000000000,0.639216000000000,0.870588000000000,Frequent
1226,1664,35197.000000000000000,13110,39,13110_39,North-Central Interior Dry Oak Forest and Woodland,Hardwood,77,85,19,13,17,15,68,I-B,179,207,143,0.701961000000000,0.811765000000000,0.560784000000000,96,,1664,35197,13110,39,13110_39,North-Central Interior Dry Oak Forest and Woodland,Hardwood,77,85,19,13,17,15,68,I-B,179,207,143,0.701961000000000,0.811765000000000,0.560784000000000,Frequent
1227,1665,318774.000000000000000,13140,39,13140_38_39_40_41_42_43_44_50,North-Central Interior Maple-Basswood Forest,Hardwood,1027,-9999,857,467,46,-9999,54,V-A,237,161,102,0.929412000000000,0.631373000000000,0.400000000000000,97,,1665,318774,13140,39,13140_38_39_40_41_42_43_44_50,North-Central Interior Maple-Basswood Forest,Hardwood,1027,-9999,857,467,46,-9999,54,V-A,237,161,102,0.929412000000000,0.631373000000000,0.400000000000000,Rare
1229,1667,2848.000000000000000,13850,39,13850_31_39_40_42,Western Great Plains Wooded Draw and Ravine,Shrubland,91,65,230,32,36,50,14,I-C,168,168,0,0.658824000000000,0.658824000000000,0.000000000000000,98,,1667,2848,13850,39,13850_31_39_40_42,Western Great Plains Wooded Draw and Ravine,Shrubland,91,65,230,32,36,50,14,I-C,168,168,0,0.658824000000000,0.658824000000000,0.000000000000000,Intermediate
1230,1668,164070.000000000000000,13940,39,13940_39_40_41,North-Central Interior Oak Savanna,Hardwood,550,165,5,5,1,3,96,I-A,230,213,138,0.901961000000000,0.835294000000000,0.541176000000000,99,,1668,164070,13940,39,13940_39_40_41,North-Central Interior Oak Savanna,Hardwood,550,165,5,5,1,3,96,I-A,230,213,138,0.901961000000000,0.835294000000000,0.541176000000000,Frequent
1231,1669,1965130.000000000000000,14120,39,14120_39_40_41_42_43_50_51,North-Central Interior Sand and Gravel Tallgrass Prairie,Grassland,4,-9999,87,3,96,-9999,4,II-A,214,0,157,0.839216000000000,0.000000000000000,0.615686000000000,100,,1669,1965130,14120,39,14120_39_40_41_42_43_50_51,North-Central Interior Sand and Gravel Tallgrass Prairie,Grassland,4,-9999,87,3,96,-9999,4,II-A,214,0,157,0.839216000000000,0.000000000000000,0.615686000000000,Frequent
1232,1670,34665998.000000000000000,14200,39,14200_39_40_42,Northern Tallgrass Prairie,Grassland,6,-9999,-9999,6,100,-9999,-9999,II-B,184,132,29,0.721569000000000,0.517647000000000,0.113725000000000,101,,1670,34665998,14200,39,14200_39_40_42,Northern Tallgrass Prairie,Grassland,6,-9999,-9999,6,100,-9999,-9999,II-B,184,132,29,0.721569000000000,0.517647000000000,0.113725000000000,Frequent
1233,1671,2131001.000000000000000,14690,39,14690_31_39_40_43,Eastern Great Plains Floodplain Systems,Riparian,517,77,176,48,9,63,28,III-A,75,170,190,0.294118000000000,0.666667000000000,0.745098000000000,102,,1671,2131001,14690,39,14690_31_39_40_43,Eastern Great Plains Floodplain Systems,Riparian,517,77,176,48,9,63,28,III-A,75,170,190,0.294118000000000,0.666667000000000,0.745098000000000,Intermediate
1234,1672,489394.000000000000000,14820,39,14820_39_40,Great Plains Prairie Pothole,Grassland,50,-9999,-9999,50,100,-9999,-9999,IV-A,156,100,163,0.611765000000000,0.392157000000000,0.639216000000000,103,,1672,489394,14820,39,14820_39_40,Great Plains Prairie Pothole,Grassland,50,-9999,-9999,50,100,-9999,-9999,IV-A,156,100,163,0.611765000000000,0.392157000000000,0.639216000000000,Intermediate
1679,2117,8993073.000000000000000,13100,42,13100_38_42_43,North-Central Interior Dry-Mesic Oak Forest and Woodland,Hardwood,126,50,76,24,19,49,32,I-C,176,163,222,0.690196000000000,0.639216000000000,0.870588000000000,129,,2117,9000898,13100,42,13100_38_42_43,North-Central Interior Dry-Mesic Oak Forest and Woodland,Hardwood,126,50,76,24,19,49,32,I-C,176,163,222,0.690196000000000,0.639216000000000,0.870588000000000,Frequent
1680,2118,181214.000000000000000,13110,42,13110_42_43,North-Central Interior Dry Oak Forest and Woodland,Hardwood,141,111,11,9,7,8,85,I-B,179,207,143,0.701961000000000,0.811765000000000,0.560784000000000,130,,2118,182017,13110,42,13110_42_43,North-Central Interior Dry Oak Forest and Woodland,Hardwood,141,111,11,9,7,8,85,I-B,179,207,143,0.701961000000000,0.811765000000000,0.560784000000000,Frequent
1681,2119,3582877.000000000000000,13140,42,13140_38_39_40_41_42_43_44_50,North-Central Interior Maple-Basswood Forest,Hardwood,1027,-9999,857,467,46,-9999,54,V-A,237,161,102,0.929412000000000,0.631373000000000,0.400000000000000,131,,2119,3585341,13140,42,13140_38_39_40_41_42_43_44_50,North-Central Interior Maple-Basswood Forest,Hardwood,1027,-9999,857,467,46,-9999,54,V-A,237,161,102,0.929412000000000,0.631373000000000,0.400000000000000,Rare
1682,2120,114229.000000000000000,13850,42,13850_31_39_40_42,Western Great Plains Wooded Draw and Ravine,Shrubland,91,65,230,32,36,50,14,I-C,168,168,0,0.658824000000000,0.658824000000000,0.000000000000000,132,,2120,114237,13850,42,13850_31_39_40_42,Western Great Plains Wooded Draw and Ravine,Shrubland,91,65,230,32,36,50,14,I-C,168,168,0,0.658824000000000,0.658824000000000,0.000000000000000,Intermediate
1683,2121,229418.000000000000000,13940,42,13940_42,North-Central Interior Oak Savanna,Hardwood,530,167,5,5,1,3,96,I-A,230,213,138,0.901961000000000,0.835294000000000,0.541176000000000,133,,2121,230052,13940,42,13940_42,North-Central Interior Oak Savanna,Hardwood,530,167,5,5,1,3,96,I-A,230,213,138,0.901961000000000,0.835294000000000,0.541176000000000,Frequent
1684,2122,19880.000000000000000,13950,42,13950_41_42_43_49_52,North-Central Oak Barrens,Hardwood,341,246,5,5,1,2,97,I-A,255,235,176,1.000000000000000,0.921569000000000,0.690196000000000,134,,2122,20177,13950,42,13950_41_42_43_49_52,North-Central Oak Barrens,Hardwood,341,246,5,5,1,2,97,I-A,255,235,176,1.000000000000000,0.921569000000000,0.690196000000000,Frequent
1685,2123,187926.000000000000000,14120,42,14120_39_40_41_42_43_50_51,North-Central Interior Sand and Gravel Tallgrass Prairie,Grassland,4,-9999,87,3,96,-9999,4,II-A,214,0,157,0.839216000000000,0.000000000000000,0.615686000000000,135,,2123,187996,14120,42,14120_39_40_41_42_43_50_51,North-Central Interior Sand and Gravel Tallgrass Prairie,Grassland,4,-9999,87,3,96,-9999,4,II-A,214,0,157,0.839216000000000,0.000000000000000,0.615686000000000,Frequent
1686,2124,4054859.000000000000000,14200,42,14200_39_40_42,Northern Tallgrass Prairie,Grassland,6,-9999,-9999,6,100,-9999,-9999,II-B,184,132,29,0.721569000000000,0.517647000000000,0.113725000000000,136,,2124,4055101,14200,42,14200_39_40_42,Northern Tallgrass Prairie,Grassland,6,-9999,-9999,6,100,-9999,-9999,II-B,184,132,29,0.721569000000000,0.517647000000000,0.113725000000000,Frequent
1687,2125,4556982.000000000000000,14210,42,14210_31_38_42_43_44_50_51,Central Tallgrass Prairie,Grassland,4,-9999,-9999,4,100,-9999,-9999,II-A,232,255,196,0.909804000000000,1.000000000000000,0.768627000000000,137,,2125,4557838,14210,42,14210_31_38_42_43_44_50_51,Central Tallgrass Prairie,Grassland,4,-9999,-9999,4,100,-9999,-9999,II-A,232,255,196,0.909804000000000,1.000000000000000,0.768627000000000,Frequent
1688,2126,598190.000000000000000,14690,42,14690_38_42_49,Eastern Great Plains Floodplain Systems,Riparian,510,76,177,48,10,63,27,III-A,75,170,190,0.294118000000000,0.666667000000000,0.745098000000000,138,,2126,598190,14690,42,14690_38_42_49,Eastern Great Plains Floodplain Systems,Riparian,510,76,177,48,10,63,27,III-A,75,170,190,0.294118000000000,0.666667000000000,0.745098000000000,Intermediate
1689,2127,1709310.000000000000000,14710,42,14710_42_43,Central Interior and Appalachian Floodplain Systems,Riparian,-9999,-9999,-9999,-9999,-9999,-9999,-9999,-9999,0,191,176,0.000000000000000,0.749020000000000,0.690196000000000,139,,2127,1763112,14710,42,14710_42_43,Central Interior and Appalachian Floodplain Systems,Riparian,-9999,-9999,-9999,-9999,-9999,-9999,-9999,-9999,0,191,176,0.000000000000000,0.749020000000000,0.690196000000000,NA
1690,2128,87158.000000000000000,14790,42,14790_41_42_47_48_50_51_53,Central Interior and Appalachian Swamp Systems,Riparian,987,-9999,-9999,987,100,-9999,-9999,V-B,207,61,255,0.811765000000000,0.239216000000000,1.000000000000000,140,,2128,87158,14790,42,14790_41_42_47_48_50_51_53,Central Interior and Appalachian Swamp Systems,Riparian,987,-9999,-9999,987,100,-9999,-9999,V-B,207,61,255,0.811765000000000,0.239216000000000,1.000000000000000,Rare
1691,2129,23221.000000000000000,14880,42,14880_38_42_43,Eastern Great Plains Wet Meadow-Prairie-Marsh,Grassland,3,-9999,-9999,3,100,-9999,-9999,II-A,148,20,51,0.580392000000000,0.078431000000000,0.200000000000000,141,,2129,23221,14880,42,14880_38_42_43,Eastern Great Plains Wet Meadow-Prairie-Marsh,Grassland,3,-9999,-9999,3,100,-9999,-9999,II-A,148,20,51,0.580392000000000,0.078431000000000,0.200000000000000,Frequent
1692,2130,164849.000000000000000,14930,42,14930_41_42_44_50,Central Interior and Appalachian Shrub-Herbaceous Wetland Systems,Riparian,17,-9999,-9999,17,100,-9999,-9999,II-C,240,150,20,0.941176000000000,0.588235000000000,0.078431000000000,142,,2130,164849,14930,42,14930_41_42_44_50,Central Interior and Appalachian Shrub-Herbaceous Wetland Systems,Riparian,17,-9999,-9999,17,100,-9999,-9999,II-C,240,150,20,0.941176000000000,0.588235000000000,0.078431000000000,Frequent
1693,2131,177586.000000000000000,15170,42,15170_42_49_50,Paleozoic Plateau Bluff and Talus,Hardwood-Conifer,15,126,102,12,79,9,12,II-B,106,117,0,0.415686000000000,0.458824000000000,0.000000000000000,143,,2131,178229,15170,42,15170_42_49_50,Paleozoic Plateau Bluff and Talus,Hardwood-Conifer,15,126,102,12,79,9,12,II-B,106,117,0,0.415686000000000,0.458824000000000,0.000000000000000,Frequent
1746,2723,1615204.000000000000000,13620,41,13620_41_50,Laurentian-Acadian Northern Pine(-Oak) Forest,Hardwood-Conifer,355,680,12,11,3,2,95,I-B,255,191,191,1.000000000000000,0.749020000000000,0.749020000000000,144,,2723,1617802,13620,41,13620_41_50,Laurentian-Acadian Northern Pine(-Oak) Forest,Hardwood-Conifer,355,680,12,11,3,2,95,I-B,255,191,191,1.000000000000000,0.749020000000000,0.749020000000000,Frequent
1747,2724,6424021.000000000000000,13622,41,13622_41_50,Laurentian-Acadian Northern Pine(-Oak) Forest-Pine Dominated,Hardwood-Conifer,230,-9999,40,34,15,-9999,85,I-C,255,167,127,1.000000000000000,0.654902000000000,0.498039000000000,145,,2724,9730959,13622,41,13622_41_50,Laurentian-Acadian Northern Pine(-Oak) Forest-Pine Dominated,Hardwood-Conifer,230,-9999,40,34,15,-9999,85,I-C,255,167,127,1.000000000000000,0.654902000000000,0.498039000000000,Intermediate
