Value,Count,BPS_CODE,BPS_NAME,FRI_REPLAC,FRI_MIXED,FRI_SURFAC,FRI_ALLFIR,R,G,B,RED,GREEN,BLUE
-1111,22676.000000000000000,-1111,Fill-Not Mapped,-1111,-1111,-1111,-1111,111,111,111,0.435294000000000,0.435294000000000,0.435294000000000
11,60855683.000000000000000,11,Open Water,-9999,-9999,-9999,-9999,0,0,255,0.000000000000000,0.000000000000000,1.000000000000000
31,222634.000000000000000,31,Barren-Rock/Sand/Clay,-9999,-9999,-9999,-9999,191,191,191,0.749020000000000,0.749020000000000,0.749020000000000
1517,49374.000000000000000,13220,Southern Crowley`s Ridge Mesic Loess Slope Forest,483,107,88,44,62,245,51,0.243137000000000,0.960784000000000,0.200000000000000
1518,39.000000000000000,13230,West Gulf Coastal Plain Mesic Hardwood Forest,271,90,23,17,181,158,143,0.709804000000000,0.619608000000000,0.560784000000000
1520,2274.000000000000000,13290,East Gulf Coastal Plain Southern Loess Bluff Forest,218,189,69,41,168,8,54,0.658824000000000,0.031373000000000,0.211765000000000
1522,153.000000000000000,13710,West Gulf Coastal Plain Pine-Hardwood Forest,121,64,5,4,100,168,0,0.392157000000000,0.658824000000000,0.000000000000000
1523,395475.000000000000000,13810,Lower Mississippi River Dune Woodland and Forest,339,450,5,5,222,196,138,0.870588000000000,0.768627000000000,0.541176000000000
1527,6642570.000000000000000,14730,Gulf and Atlantic Coastal Plain Floodplain Systems,115,-9999,100,53,102,119,205,0.400000000000000,0.466667000000000,0.803922000000000
1529,2546310.000000000000000,14800,Gulf and Atlantic Coastal Plain Swamp Systems,994,-9999,681,404,102,212,179,0.400000000000000,0.831373000000000,0.701961000000000
1531,841276.000000000000000,15100,Northern Crowley`s Ridge Sand Forest,135,486,6,5,202,122,245,0.792157000000000,0.478431000000000,0.960784000000000
1532,787.000000000000000,15130,Lower Mississippi River Flatwoods,395,162,95,52,98,0,117,0.384314000000000,0.000000000000000,0.458824000000000
1561,22320177.000000000000000,13022,Laurentian-Acadian Northern Hardwoods Forest-Hemlock,2040,-9999,-9999,2040,76,230,0,0.298039000000000,0.901961000000000,0.000000000000000
1562,14406012.000000000000000,13022,Laurentian-Acadian Northern Hardwoods Forest-Hemlock,2040,-9999,-9999,2040,76,230,150,0.298039000000000,0.901961000000000,0.588235000000000
1563,2558890.000000000000000,13100,North-Central Interior Dry-Mesic Oak Forest and Woodland,123,49,76,24,176,163,222,0.690196000000000,0.639216000000000,0.870588000000000
1564,274025.000000000000000,13110,North-Central Interior Dry Oak Forest and Woodland,104,98,19,14,179,207,143,0.701961000000000,0.811765000000000,0.560784000000000
1565,907654.000000000000000,13130,North-Central Interior Beech-Maple Forest,1004,-9999,836,456,0,156,44,0.000000000000000,0.611765000000000,0.172549000000000
1566,7654038.000000000000000,13140,North-Central Interior Maple-Basswood Forest,1027,-9999,857,467,237,161,102,0.929412000000000,0.631373000000000,0.400000000000000
1568,1045537.000000000000000,13651,Boreal White Spruce-Fir-Hardwood Forest-Inland,250,1468,-9999,213,147,194,114,0.576471000000000,0.760784000000000,0.447059000000000
1569,2410684.000000000000000,13660,Laurentian-Acadian Pine-Hemlock-Hardwood Forest,483,1018,291,154,208,255,99,0.815686000000000,1.000000000000000,0.388235000000000
1570,33055441.000000000000000,13940,North-Central Interior Oak Savanna,66,184,5,5,230,213,138,0.901961000000000,0.835294000000000,0.541176000000000
1571,2977978.000000000000000,13950,North-Central Oak Barrens,53,143,6,5,255,235,176,1.000000000000000,0.921569000000000,0.690196000000000
1572,1965999.000000000000000,14071,Laurentian Pine-Oak Barrens,109,75,5,4,153,66,0,0.600000000000000,0.258824000000000,0.000000000000000
1573,1047235.000000000000000,14072,Laurentian Pine-Oak Barrens-Jack Pine,25,46,18,8,153,66,100,0.600000000000000,0.258824000000000,0.392157000000000
1574,69849.000000000000000,14090,Great Lakes Alvar,439,3247,-9999,387,227,235,117,0.890196000000000,0.921569000000000,0.458824000000000
1575,2198921.000000000000000,14120,North-Central Interior Sand and Gravel Tallgrass Prairie,4,-9999,87,3,214,0,157,0.839216000000000,0.000000000000000,0.615686000000000
1576,7488387.000000000000000,14210,Central Tallgrass Prairie,4,-9999,-9999,4,232,255,196,0.909804000000000,1.000000000000000,0.768627000000000
1577,56467.000000000000000,14440,Eastern Boreal Floodplain,-9999,581,312,203,69,69,156,0.270588000000000,0.270588000000000,0.611765000000000
1578,183996.000000000000000,14660,Great Lakes Wooded Dune and Swale,3715,536,-9999,468,181,0,0,0.709804000000000,0.000000000000000,0.000000000000000
1579,1416347.000000000000000,14710,Central Interior and Appalachian Floodplain Systems,-9999,432,67,58,0,191,176,0.000000000000000,0.749020000000000,0.690196000000000
1580,815690.000000000000000,14750,Laurentian-Acadian Floodplain Systems,-9999,435,68,59,122,143,245,0.478431000000000,0.560784000000000,0.960784000000000
1581,9075955.000000000000000,14770,Boreal Acidic Peatland Systems,716,-9999,123,105,106,0,138,0.415686000000000,0.000000000000000,0.541176000000000
1582,1505040.000000000000000,14790,Central Interior and Appalachian Swamp Systems,987,-9999,-9999,987,207,61,255,0.811765000000000,0.239216000000000,1.000000000000000
1583,5206168.000000000000000,14810,Laurentian-Acadian Alkaline Conifer-Hardwood Swamp,989,-9999,-9999,989,232,189,255,0.909804000000000,0.741176000000000,1.000000000000000
1584,277054.000000000000000,14920,Great Lakes Coastal Marsh Systems,-9999,-9999,-9999,-9999,122,245,202,0.478431000000000,0.960784000000000,0.792157000000000
1585,1322694.000000000000000,14930,Central Interior and Appalachian Shrub-Herbaceous Wetland Systems,17,-9999,-9999,17,240,150,20,0.941176000000000,0.588235000000000,0.078431000000000
1586,944949.000000000000000,14940,Laurentian-Acadian Shrub-Herbaceous Wetland Systems,18,-9999,-9999,18,0,168,107,0.000000000000000,0.658824000000000,0.419608000000000
1587,5108234.000000000000000,15170,Paleozoic Plateau Bluff and Talus,15,126,102,12,106,117,0,0.415686000000000,0.458824000000000,0.000000000000000
1588,15600222.000000000000000,13022,Laurentian-Acadian Northern Hardwoods Forest-Hemlock,2040,-9999,-9999,2040,76,230,0,0.298039000000000,0.901961000000000,0.000000000000000
1589,1735857.000000000000000,13022,Laurentian-Acadian Northern Hardwoods Forest-Hemlock,2040,-9999,-9999,2040,76,230,150,0.298039000000000,0.901961000000000,0.588235000000000
1590,7138141.000000000000000,13100,North-Central Interior Dry-Mesic Oak Forest and Woodland,74,56,23,13,176,163,222,0.690196000000000,0.639216000000000,0.870588000000000
1591,12175245.000000000000000,13140,North-Central Interior Maple-Basswood Forest,1027,-9999,857,467,237,161,102,0.929412000000000,0.631373000000000,0.400000000000000
1592,457321.000000000000000,13310,Eastern Great Plains Tallgrass Aspen Parkland,16,-9999,8,6,220,240,0,0.862745000000000,0.941176000000000,0.000000000000000
1593,3460313.000000000000000,13440,Boreal Jack Pine-Black Spruce Forest,82,-9999,-9999,82,255,140,140,1.000000000000000,0.549020000000000,0.549020000000000
1596,13018302.000000000000000,13651,Boreal White Spruce-Fir-Hardwood Forest-Inland,250,1468,-9999,213,147,194,114,0.576471000000000,0.760784000000000,0.447059000000000
1597,2540756.000000000000000,13652,Boreal White Spruce-Fir-Hardwood Forest-Coastal,939,1147,-9999,516,110,137,70,0.431373000000000,0.537255000000000,0.274510000000000
1598,14764984.000000000000000,13653,Boreal White Spruce-Fir-Hardwood Forest-Aspen-Birch,112,243,-9999,76,255,255,145,1.000000000000000,1.000000000000000,0.568627000000000
1599,8909275.000000000000000,13940,North-Central Interior Oak Savanna,550,165,5,5,230,213,138,0.901961000000000,0.835294000000000,0.541176000000000
1600,2501596.000000000000000,13950,North-Central Oak Barrens,341,246,5,5,255,235,176,1.000000000000000,0.921569000000000,0.690196000000000
1601,498108.000000000000000,14071,Laurentian Pine-Oak Barrens,109,75,5,4,153,66,0,0.600000000000000,0.258824000000000,0.000000000000000
1602,11046083.000000000000000,14072,Laurentian Pine-Oak Barrens-Jack Pine,25,46,18,8,153,66,100,0.600000000000000,0.258824000000000,0.392157000000000
1603,3016992.000000000000000,14120,North-Central Interior Sand and Gravel Tallgrass Prairie,4,-9999,87,3,214,0,157,0.839216000000000,0.000000000000000,0.615686000000000
1604,10630183.000000000000000,14200,Northern Tallgrass Prairie,4,-9999,-9999,4,184,132,29,0.721569000000000,0.517647000000000,0.113725000000000
1605,3308445.000000000000000,14440,Eastern Boreal Floodplain,-9999,581,312,203,69,69,156,0.270588000000000,0.270588000000000,0.611765000000000
1606,777077.000000000000000,14710,Central Interior and Appalachian Floodplain Systems,-9999,432,67,58,0,191,176,0.000000000000000,0.749020000000000,0.690196000000000
1607,2298879.000000000000000,14750,Laurentian-Acadian Floodplain Systems,-9999,435,68,59,122,143,245,0.478431000000000,0.560784000000000,0.960784000000000
1608,20227200.000000000000000,14770,Boreal Acidic Peatland Systems,716,-9999,123,105,106,0,138,0.415686000000000,0.000000000000000,0.541176000000000
1609,1102775.000000000000000,14790,Central Interior and Appalachian Swamp Systems,987,-9999,-9999,987,207,61,255,0.811765000000000,0.239216000000000,1.000000000000000
1610,5172789.000000000000000,14810,Laurentian-Acadian Alkaline Conifer-Hardwood Swamp,989,-9999,-9999,989,232,189,255,0.909804000000000,0.741176000000000,1.000000000000000
1611,2289.000000000000000,14920,Great Lakes Coastal Marsh Systems,-9999,-9999,-9999,-9999,122,245,202,0.478431000000000,0.960784000000000,0.792157000000000
1612,2605159.000000000000000,14930,Central Interior and Appalachian Shrub-Herbaceous Wetland Systems,17,-9999,-9999,17,240,150,20,0.941176000000000,0.588235000000000,0.078431000000000
1613,4417576.000000000000000,14940,Laurentian-Acadian Shrub-Herbaceous Wetland Systems,18,-9999,-9999,18,0,168,107,0.000000000000000,0.658824000000000,0.419608000000000
1614,23634794.000000000000000,13022,Laurentian-Acadian Northern Hardwoods Forest-Hemlock,2040,-9999,-9999,2040,76,230,0,0.298039000000000,0.901961000000000,0.000000000000000
1615,10454292.000000000000000,13022,Laurentian-Acadian Northern Hardwoods Forest-Hemlock,2040,-9999,-9999,2040,76,230,150,0.298039000000000,0.901961000000000,0.588235000000000
1616,457857.000000000000000,13023,Laurentian-Acadian Northern Hardwoods Forest-Northern Sugar Maple-Basswood,1016,-9999,-9999,1016,38,105,0,0.149020000000000,0.411765000000000,0.000000000000000
1617,8839521.000000000000000,13100,North-Central Interior Dry-Mesic Oak Forest and Woodland,161,160,11,9,176,163,222,0.690196000000000,0.639216000000000,0.870588000000000
1618,3232093.000000000000000,13110,North-Central Interior Dry Oak Forest and Woodland,137,111,11,9,179,207,143,0.701961000000000,0.811765000000000,0.560784000000000
1619,30755083.000000000000000,13130,North-Central Interior Beech-Maple Forest,1004,-9999,836,456,0,156,44,0.000000000000000,0.611765000000000,0.172549000000000
1620,2945536.000000000000000,13441,Boreal Jack Pine-Black Spruce Forest-Pine Barrens,34,64,7,5,255,140,140,1.000000000000000,0.549020000000000,0.549020000000000
1621,301468.000000000000000,13442,Boreal Jack Pine-Black Spruce Forest-Spruce-Fir,112,-9999,-9999,112,135,200,114,0.529412000000000,0.784314000000000,0.447059000000000
1622,14317662.000000000000000,13620,Laurentian-Acadian Northern Pine(-Oak) Forest,309,447,65,48,255,191,191,1.000000000000000,0.749020000000000,0.749020000000000
1623,5705783.000000000000000,13651,Boreal White Spruce-Fir-Hardwood Forest-Inland,490,524,-9999,253,147,194,114,0.576471000000000,0.760784000000000,0.447059000000000
1624,3317735.000000000000000,13652,Boreal White Spruce-Fir-Hardwood Forest-Coastal,872,1306,-9999,523,110,137,70,0.431373000000000,0.537255000000000,0.274510000000000
1625,8651989.000000000000000,13660,Laurentian-Acadian Pine-Hemlock-Hardwood Forest,482,998,289,153,208,255,99,0.815686000000000,1.000000000000000,0.388235000000000
1626,1245281.000000000000000,13940,North-Central Interior Oak Savanna,66,184,5,5,230,213,138,0.901961000000000,0.835294000000000,0.541176000000000
1627,7617028.000000000000000,13950,North-Central Oak Barrens,49,180,6,5,255,235,176,1.000000000000000,0.921569000000000,0.690196000000000
1628,4695575.000000000000000,14071,Laurentian Pine-Oak Barrens,109,75,5,4,153,66,0,0.600000000000000,0.258824000000000,0.000000000000000
1629,611883.000000000000000,14072,Laurentian Pine-Oak Barrens-Jack Pine,25,46,18,8,153,66,100,0.600000000000000,0.258824000000000,0.392157000000000
1630,642281.000000000000000,14110,Great Lakes Wet-Mesic Lakeplain Prairie,24,-9999,-9999,24,235,255,0,0.921569000000000,1.000000000000000,0.000000000000000
1631,666732.000000000000000,14120,North-Central Interior Sand and Gravel Tallgrass Prairie,4,-9999,87,3,214,0,157,0.839216000000000,0.000000000000000,0.615686000000000
1632,625653.000000000000000,14210,Central Tallgrass Prairie,4,-9999,-9999,4,232,255,196,0.909804000000000,1.000000000000000,0.768627000000000
1633,405425.000000000000000,14440,Eastern Boreal Floodplain,-9999,581,312,203,69,69,156,0.270588000000000,0.270588000000000,0.611765000000000
1634,62248.000000000000000,14660,Great Lakes Wooded Dune and Swale,3715,536,-9999,468,181,0,0,0.709804000000000,0.000000000000000,0.000000000000000
1635,5026822.000000000000000,14710,Central Interior and Appalachian Floodplain Systems,-9999,429,67,58,0,191,176,0.000000000000000,0.749020000000000,0.690196000000000
1636,1161264.000000000000000,14750,Laurentian-Acadian Floodplain Systems,-9999,435,68,59,122,143,245,0.478431000000000,0.560784000000000,0.960784000000000
1637,6258222.000000000000000,14770,Boreal Acidic Peatland Systems,716,-9999,123,105,106,0,138,0.415686000000000,0.000000000000000,0.541176000000000
1638,2860328.000000000000000,14790,Central Interior and Appalachian Swamp Systems,987,-9999,-9999,987,207,61,255,0.811765000000000,0.239216000000000,1.000000000000000
1639,16974315.000000000000000,14810,Laurentian-Acadian Alkaline Conifer-Hardwood Swamp,989,-9999,-9999,989,232,189,255,0.909804000000000,0.741176000000000,1.000000000000000
1640,199331.000000000000000,14920,Great Lakes Coastal Marsh Systems,-9999,-9999,-9999,-9999,122,245,202,0.478431000000000,0.960784000000000,0.792157000000000
1641,12414.000000000000000,14940,Laurentian-Acadian Shrub-Herbaceous Wetland Systems,18,-9999,-9999,18,0,168,107,0.000000000000000,0.658824000000000,0.419608000000000
1645,625.000000000000000,11620,Western Great Plains Floodplain Systems,250,94,196,51,102,153,205,0.400000000000000,0.600000000000000,0.803922000000000
1646,366885.000000000000000,13010,Boreal Aspen-Birch Forest,82,-9999,-9999,82,255,245,56,1.000000000000000,0.960784000000000,0.219608000000000
1647,902.000000000000000,13020,Laurentian-Acadian Northern Hardwoods Forest,2109,-9999,-9999,2109,76,230,0,0.298039000000000,0.901961000000000,0.000000000000000
1648,531014.000000000000000,13140,North-Central Interior Maple-Basswood Forest,1027,-9999,857,467,237,161,102,0.929412000000000,0.631373000000000,0.400000000000000
1649,1351310.000000000000000,13310,Eastern Great Plains Tallgrass Aspen Parkland,16,-9999,8,6,220,240,0,0.862745000000000,0.941176000000000,0.000000000000000
1650,114427.000000000000000,13651,Boreal White Spruce-Fir-Hardwood Forest-Inland,250,1468,-9999,213,147,194,114,0.576471000000000,0.760784000000000,0.447059000000000
1652,1130520.000000000000000,13940,North-Central Interior Oak Savanna,550,165,5,5,230,213,138,0.901961000000000,0.835294000000000,0.541176000000000
1653,1712380.000000000000000,14120,North-Central Interior Sand and Gravel Tallgrass Prairie,4,-9999,87,3,214,0,157,0.839216000000000,0.000000000000000,0.615686000000000
1654,18714454.000000000000000,14200,Northern Tallgrass Prairie,6,-9999,-9999,6,184,132,29,0.721569000000000,0.517647000000000,0.113725000000000
1655,425933.000000000000000,14690,Eastern Great Plains Floodplain Systems,517,77,176,48,75,170,190,0.294118000000000,0.666667000000000,0.745098000000000
1656,2621808.000000000000000,14770,Boreal Acidic Peatland Systems,716,-9999,123,105,106,0,138,0.415686000000000,0.000000000000000,0.541176000000000
1657,1140329.000000000000000,14820,Great Plains Prairie Pothole,50,-9999,-9999,50,156,100,163,0.611765000000000,0.392157000000000,0.639216000000000
1658,18437.000000000000000,14950,Western Great Plains Depressional Wetland Systems,20,-9999,-9999,20,104,0,156,0.407843000000000,0.000000000000000,0.611765000000000
1659,25458.000000000000000,10130,Western Great Plains Dry Bur Oak Forest and Woodland,300,44,30,17,220,0,0,0.862745000000000,0.000000000000000,0.000000000000000
1660,525376.000000000000000,11410,Northwestern Great Plains Mixedgrass Prairie,8,-9999,-9999,8,215,255,232,0.843137000000000,1.000000000000000,0.909804000000000
1663,273712.000000000000000,13100,North-Central Interior Dry-Mesic Oak Forest and Woodland,112,43,47,19,176,163,222,0.690196000000000,0.639216000000000,0.870588000000000
1664,44308.000000000000000,13110,North-Central Interior Dry Oak Forest and Woodland,77,85,19,13,179,207,143,0.701961000000000,0.811765000000000,0.560784000000000
1665,339870.000000000000000,13140,North-Central Interior Maple-Basswood Forest,1027,-9999,857,467,237,161,102,0.929412000000000,0.631373000000000,0.400000000000000
1667,104917.000000000000000,13850,Western Great Plains Wooded Draw and Ravine,91,65,230,32,168,168,0,0.658824000000000,0.658824000000000,0.000000000000000
1668,173599.000000000000000,13940,North-Central Interior Oak Savanna,550,165,5,5,230,213,138,0.901961000000000,0.835294000000000,0.541176000000000
1669,1965262.000000000000000,14120,North-Central Interior Sand and Gravel Tallgrass Prairie,4,-9999,87,3,214,0,157,0.839216000000000,0.000000000000000,0.615686000000000
1670,45819720.000000000000000,14200,Northern Tallgrass Prairie,6,-9999,-9999,6,184,132,29,0.721569000000000,0.517647000000000,0.113725000000000
1671,2337892.000000000000000,14690,Eastern Great Plains Floodplain Systems,517,77,176,48,75,170,190,0.294118000000000,0.666667000000000,0.745098000000000
1672,516063.000000000000000,14820,Great Plains Prairie Pothole,50,-9999,-9999,50,156,100,163,0.611765000000000,0.392157000000000,0.639216000000000
1673,8744.000000000000000,14950,Western Great Plains Depressional Wetland Systems,20,-9999,-9999,20,104,0,156,0.407843000000000,0.000000000000000,0.611765000000000
1804,48371.000000000000000,13150,Southern Appalachian Oak Forest,604,138,16,14,181,227,194,0.709804000000000,0.890196000000000,0.760784000000000
1805,5987032.000000000000000,13160,Southern Piedmont Mesic Forest,510,348,52,42,99,199,125,0.388235000000000,0.780392000000000,0.490196000000000
1806,7189.000000000000000,13180,Southern and Central Appalachian Cove Forest,994,498,100,77,138,177,255,0.541176000000000,0.694118000000000,1.000000000000000
1807,344.000000000000000,13420,Piedmont Hardpan Woodland and Forest,308,333,5,5,237,94,54,0.929412000000000,0.368627000000000,0.211765000000000
1808,15.000000000000000,13510,Southeastern Interior Longleaf Pine Woodland,552,299,3,3,143,161,26,0.560784000000000,0.631373000000000,0.101961000000000
1809,5188.000000000000000,13520,Southern Appalachian Montane Pine Forest and Woodland,88,101,5,5,117,71,197,0.458824000000000,0.278431000000000,0.772549000000000
1810,39423.000000000000000,13530,Southern Appalachian Low-Elevation Pine Forest,153,66,9,7,255,200,97,1.000000000000000,0.784314000000000,0.380392000000000
1811,19242703.000000000000000,13680,Southern Piedmont Dry Oak(-Pine) Forest,325,235,5,5,211,186,255,0.827451000000000,0.729412000000000,1.000000000000000
1812,1269609.000000000000000,14710,Central Interior and Appalachian Floodplain Systems,613,392,121,80,0,191,176,0.000000000000000,0.749020000000000,0.690196000000000
1813,1830031.000000000000000,14720,Central Interior and Appalachian Riparian Systems,997,-9999,202,168,36,255,20,0.141176000000000,1.000000000000000,0.078431000000000
1814,66097.000000000000000,13090,Southern Appalachian Northern Hardwood Forest,681,665,341,169,163,156,46,0.639216000000000,0.611765000000000,0.180392000000000
1815,2602420.000000000000000,13150,Southern Appalachian Oak Forest,604,138,16,14,181,227,194,0.709804000000000,0.890196000000000,0.760784000000000
1817,5528253.000000000000000,13170,Allegheny-Cumberland Dry Oak Forest and Woodland,123,59,15,11,186,184,148,0.729412000000000,0.721569000000000,0.580392000000000
1818,1790078.000000000000000,13180,Southern and Central Appalachian Cove Forest,994,498,100,77,138,177,255,0.541176000000000,0.694118000000000,1.000000000000000
1819,1221541.000000000000000,13200,Central and Southern Appalachian Montane Oak Forest,147,95,33,21,180,130,180,0.705882000000000,0.509804000000000,0.705882000000000
1820,168903.000000000000000,13210,South-Central Interior Mesophytic Forest,869,534,86,68,71,135,148,0.278431000000000,0.529412000000000,0.580392000000000
1821,7669.000000000000000,13500,Central and Southern Appalachian Spruce-Fir Forest,1000,1155,-9999,536,207,214,51,0.811765000000000,0.839216000000000,0.200000000000000
1822,416616.000000000000000,13520,Southern Appalachian Montane Pine Forest and Woodland,88,101,5,5,117,71,197,0.458824000000000,0.278431000000000,0.772549000000000
1823,97811.000000000000000,13530,Southern Appalachian Low-Elevation Pine Forest,153,66,9,7,255,200,97,1.000000000000000,0.784314000000000,0.380392000000000
1824,37193.000000000000000,13680,Southern Piedmont Dry Oak(-Pine) Forest,325,235,5,5,211,186,255,0.827451000000000,0.729412000000000,1.000000000000000
1825,896848.000000000000000,13760,Southern Ridge and Valley/Cumberland Dry Calcareous Forest,187,109,8,7,222,153,122,0.870588000000000,0.600000000000000,0.478431000000000
1826,1483.000000000000000,14140,Southern Appalachian Grass and Shrub Bald,280,341,-9999,154,240,10,10,0.941176000000000,0.039216000000000,0.039216000000000
1827,187360.000000000000000,14710,Central Interior and Appalachian Floodplain Systems,613,392,121,80,0,191,176,0.000000000000000,0.749020000000000,0.690196000000000
1828,1185330.000000000000000,14720,Central Interior and Appalachian Riparian Systems,997,-9999,202,168,36,255,20,0.141176000000000,1.000000000000000,0.078431000000000
1840,16834302.000000000000000,13030,Northeastern Interior Dry-Mesic Oak Forest,7,17,15,4,215,185,100,0.843137000000000,0.725490000000000,0.392157000000000
1841,2162680.000000000000000,13160,Southern Piedmont Mesic Forest,499,355,52,41,99,199,125,0.388235000000000,0.780392000000000,0.490196000000000
1842,13927022.000000000000000,13240,Northern Atlantic Coastal Plain Hardwood Forest,48,44,4,4,161,112,90,0.631373000000000,0.439216000000000,0.352941000000000
1843,2338221.000000000000000,13350,Atlantic Coastal Plain Dry and Dry-Mesic Oak Forest,198,98,8,7,230,205,156,0.901961000000000,0.803922000000000,0.611765000000000
1844,21475516.000000000000000,13430,Atlantic Coastal Plain Mesic Hardwood Forest,479,382,43,36,168,112,0,0.658824000000000,0.439216000000000,0.000000000000000
1845,693231.000000000000000,13470,Atlantic Coastal Plain Upland Longleaf Pine Woodland,131,376,4,4,135,186,24,0.529412000000000,0.729412000000000,0.094118000000000
1846,3358.000000000000000,13520,Southern Appalachian Montane Pine Forest and Woodland,88,101,5,5,117,71,197,0.458824000000000,0.278431000000000,0.772549000000000
1847,39567.000000000000000,13530,Southern Appalachian Low-Elevation Pine Forest,153,66,9,7,255,200,97,1.000000000000000,0.784314000000000,0.380392000000000
1848,4733985.000000000000000,13550,Northern Atlantic Coastal Plain Pitch Pine Barrens,77,31,12,8,255,165,82,1.000000000000000,0.647059000000000,0.321569000000000
1849,109852.000000000000000,13610,Central Atlantic Coastal Plain Maritime Forest,357,119,113,50,237,0,229,0.929412000000000,0.000000000000000,0.898039000000000
1850,2905137.000000000000000,13680,Southern Piedmont Dry Oak(-Pine) Forest,325,235,5,5,211,186,255,0.827451000000000,0.729412000000000,1.000000000000000
1851,6506268.000000000000000,13690,Central Appalachian Dry Oak-Pine Forest,182,463,15,14,0,255,220,0.000000000000000,1.000000000000000,0.862745000000000
1852,3350767.000000000000000,13700,Appalachian (Hemlock-)Northern Hardwood Forest,1010,1122,-9999,531,214,255,145,0.839216000000000,1.000000000000000,0.568627000000000
1853,6158.000000000000000,13750,Eastern Serpentine Woodland,87,56,5,5,229,94,99,0.898039000000000,0.368627000000000,0.388235000000000
1854,150771.000000000000000,13770,Central Appalachian Pine-Oak Rocky Woodland,412,384,4645,190,255,0,77,1.000000000000000,0.000000000000000,0.301961000000000
1855,1148759.000000000000000,13790,Northern Atlantic Coastal Plain Maritime Forest,74,160,9,7,237,0,179,0.929412000000000,0.000000000000000,0.701961000000000
1856,178528.000000000000000,14000,Central Appalachian Alkaline Glade and Woodland,5,19,1583,4,255,153,229,1.000000000000000,0.600000000000000,0.898039000000000
1857,761382.000000000000000,14360,Northern Atlantic Coastal Plain Dune and Swale,8,14,-9999,5,100,31,87,0.392157000000000,0.121569000000000,0.341176000000000
1858,23080.000000000000000,14490,Central Atlantic Coastal Plain Wet Longleaf Pine Savanna and Flatwoods,89,261,3,3,143,237,41,0.560784000000000,0.929412000000000,0.160784000000000
1859,55516.000000000000000,14520,Atlantic Coastal Plain Peatland Pocosin and Canebrake,14,16,-9999,7,255,125,0,1.000000000000000,0.490196000000000,0.000000000000000
1860,139542.000000000000000,14680,Atlantic Coastal Plain Streamhead Seepage Swamp-Pocosin-Baygall,98,28,14,8,68,79,145,0.266667000000000,0.309804000000000,0.568627000000000
1861,565004.000000000000000,14710,Central Interior and Appalachian Floodplain Systems,613,392,121,80,0,191,176,0.000000000000000,0.749020000000000,0.690196000000000
1862,113736.000000000000000,14720,Central Interior and Appalachian Riparian Systems,997,-9999,202,168,36,255,20,0.141176000000000,1.000000000000000,0.078431000000000
1863,1326775.000000000000000,14730,Gulf and Atlantic Coastal Plain Floodplain Systems,114,-9999,101,54,102,119,205,0.400000000000000,0.466667000000000,0.803922000000000
1864,1109129.000000000000000,14740,Gulf and Atlantic Coastal Plain Small Stream Riparian Systems,477,202,131,68,171,185,235,0.670588000000000,0.725490000000000,0.921569000000000
1865,152441.000000000000000,14790,Central Interior and Appalachian Swamp Systems,1011,-9999,1353,578,207,61,255,0.811765000000000,0.239216000000000,1.000000000000000
1866,5473268.000000000000000,14800,Gulf and Atlantic Coastal Plain Swamp Systems,-9999,-9999,221,221,102,212,179,0.400000000000000,0.831373000000000,0.701961000000000
1867,2575383.000000000000000,14900,Gulf and Atlantic Coastal Plain Tidal Marsh Systems,5,294,-9999,5,255,235,0,1.000000000000000,0.921569000000000,0.000000000000000
1868,28065.000000000000000,14980,Gulf and Atlantic Coastal Plain Sparsely Vegetated Systems,-9999,-9999,-9999,-9999,171,97,56,0.670588000000000,0.380392000000000,0.219608000000000
1869,1099568.000000000000000,15010,Central Atlantic Coastal Plain Nonriverine Swamp and Wet Hardwood Forest,92,424,-9999,76,99,214,255,0.388235000000000,0.839216000000000,1.000000000000000
1870,66823915.000000000000000,13030,Northeastern Interior Dry-Mesic Oak Forest,39,24,9,6,215,185,100,0.843137000000000,0.725490000000000,0.392157000000000
1871,86049.000000000000000,13150,Southern Appalachian Oak Forest,604,138,16,14,181,227,194,0.709804000000000,0.890196000000000,0.760784000000000
1872,797945.000000000000000,13160,Southern Piedmont Mesic Forest,510,348,52,42,99,199,125,0.388235000000000,0.780392000000000,0.490196000000000
1873,3232780.000000000000000,13170,Allegheny-Cumberland Dry Oak Forest and Woodland,123,59,15,11,186,184,148,0.729412000000000,0.721569000000000,0.580392000000000
1874,3459014.000000000000000,13180,Southern and Central Appalachian Cove Forest,994,498,100,77,138,177,255,0.541176000000000,0.694118000000000,1.000000000000000
1875,2426198.000000000000000,13200,Central and Southern Appalachian Montane Oak Forest,147,95,33,21,180,130,180,0.705882000000000,0.509804000000000,0.705882000000000
1876,8236655.000000000000000,13210,South-Central Interior Mesophytic Forest,847,573,102,78,71,135,148,0.278431000000000,0.529412000000000,0.580392000000000
1877,12281.000000000000000,13400,Appalachian Shale Barrens,-9999,1025,-9999,1025,156,156,156,0.611765000000000,0.611765000000000,0.611765000000000
1878,2466267.000000000000000,13500,Central and Southern Appalachian Spruce-Fir Forest,834,12028,-9999,780,144,43,181,0.564706000000000,0.168627000000000,0.709804000000000
1879,93547.000000000000000,13520,Southern Appalachian Montane Pine Forest and Woodland,88,101,5,5,117,71,197,0.458824000000000,0.278431000000000,0.772549000000000
1880,42551.000000000000000,13530,Southern Appalachian Low-Elevation Pine Forest,153,66,9,7,255,200,97,1.000000000000000,0.784314000000000,0.380392000000000
1881,2258869.000000000000000,13680,Southern Piedmont Dry Oak(-Pine) Forest,325,235,5,5,211,186,255,0.827451000000000,0.729412000000000,1.000000000000000
1882,11365856.000000000000000,13690,Central Appalachian Dry Oak-Pine Forest,182,463,15,14,0,255,220,0.000000000000000,1.000000000000000,0.862745000000000
1883,7047401.000000000000000,13700,Appalachian (Hemlock-)Northern Hardwood Forest,1036,1083,-9999,529,214,255,145,0.839216000000000,1.000000000000000,0.568627000000000
1884,234785.000000000000000,13760,Southern Ridge and Valley/Cumberland Dry Calcareous Forest,187,109,8,7,222,153,122,0.870588000000000,0.600000000000000,0.478431000000000
1885,483569.000000000000000,13770,Central Appalachian Pine-Oak Rocky Woodland,412,384,4645,190,255,0,77,1.000000000000000,0.000000000000000,0.301961000000000
1886,427316.000000000000000,14000,Central Appalachian Alkaline Glade and Woodland,5,19,1583,4,255,153,229,1.000000000000000,0.600000000000000,0.898039000000000
1887,2455791.000000000000000,14710,Central Interior and Appalachian Floodplain Systems,613,392,121,80,0,191,176,0.000000000000000,0.749020000000000,0.690196000000000
1888,10234455.000000000000000,14720,Central Interior and Appalachian Riparian Systems,1001,-9999,200,166,36,255,20,0.141176000000000,1.000000000000000,0.078431000000000
1889,282815.000000000000000,14790,Central Interior and Appalachian Swamp Systems,1011,-9999,1353,578,207,61,255,0.811765000000000,0.239216000000000,1.000000000000000
1890,33863657.000000000000000,13020,Laurentian-Acadian Northern Hardwoods Forest,2021,-9999,-9999,2021,76,230,0,0.298039000000000,0.901961000000000,0.000000000000000
1891,614906.000000000000000,13030,Northeastern Interior Dry-Mesic Oak Forest,39,24,9,6,215,185,100,0.843137000000000,0.725490000000000,0.392157000000000
1892,13771.000000000000000,13210,South-Central Interior Mesophytic Forest,847,573,102,78,71,135,148,0.278431000000000,0.529412000000000,0.580392000000000
1893,173208.000000000000000,13620,Laurentian-Acadian Northern Pine(-Oak) Forest,309,447,65,48,255,191,191,1.000000000000000,0.749020000000000,0.749020000000000
1894,2048091.000000000000000,13660,Laurentian-Acadian Pine-Hemlock-Hardwood Forest,482,998,289,153,208,255,99,0.815686000000000,1.000000000000000,0.388235000000000
1895,9865029.000000000000000,13690,Central Appalachian Dry Oak-Pine Forest,182,463,15,14,0,255,220,0.000000000000000,1.000000000000000,0.862745000000000
1896,22303522.000000000000000,13700,Appalachian (Hemlock-)Northern Hardwood Forest,1010,1122,-9999,531,214,255,145,0.839216000000000,1.000000000000000,0.568627000000000
1897,26643.000000000000000,13730,Acadian Low-Elevation Spruce-Fir-Hardwood Forest,1053,-9999,-9999,1053,130,160,100,0.509804000000000,0.627451000000000,0.392157000000000
1898,61340.000000000000000,13770,Central Appalachian Pine-Oak Rocky Woodland,412,384,4645,190,255,0,77,1.000000000000000,0.000000000000000,0.301961000000000
1899,17962.000000000000000,14000,Central Appalachian Alkaline Glade and Woodland,5,19,1421,4,255,153,229,1.000000000000000,0.600000000000000,0.898039000000000
1900,1171872.000000000000000,14710,Central Interior and Appalachian Floodplain Systems,613,392,121,80,0,191,176,0.000000000000000,0.749020000000000,0.690196000000000
1901,4771716.000000000000000,14720,Central Interior and Appalachian Riparian Systems,1001,-9999,200,166,36,255,20,0.141176000000000,1.000000000000000,0.078431000000000
1902,2191847.000000000000000,14750,Laurentian-Acadian Floodplain Systems,-9999,435,68,59,122,143,245,0.478431000000000,0.560784000000000,0.960784000000000
1903,63562.000000000000000,14770,Boreal Acidic Peatland Systems,935,-9999,170,144,106,0,138,0.415686000000000,0.000000000000000,0.541176000000000
1904,6134997.000000000000000,14790,Central Interior and Appalachian Swamp Systems,1011,-9999,1353,578,207,61,255,0.811765000000000,0.239216000000000,1.000000000000000
1905,191630.000000000000000,14810,Laurentian-Acadian Alkaline Conifer-Hardwood Swamp,989,-9999,-9999,989,232,189,255,0.909804000000000,0.741176000000000,1.000000000000000
1906,383858.000000000000000,14920,Great Lakes Coastal Marsh Systems,-9999,-9999,-9999,-9999,122,245,202,0.478431000000000,0.960784000000000,0.792157000000000
1907,262326.000000000000000,14940,Laurentian-Acadian Shrub-Herbaceous Wetland Systems,792,-9999,-9999,792,0,168,107,0.000000000000000,0.658824000000000,0.419608000000000
1908,437469.000000000000000,15180,North-Central Interior Wet Flatwoods,993,-9999,-9999,993,211,237,38,0.827451000000000,0.929412000000000,0.149020000000000
1909,41567785.000000000000000,13030,Northeastern Interior Dry-Mesic Oak Forest,39,52,8,6,215,185,100,0.843137000000000,0.725490000000000,0.392157000000000
1910,1857781.000000000000000,13100,North-Central Interior Dry-Mesic Oak Forest and Woodland,74,56,23,13,176,163,222,0.690196000000000,0.639216000000000,0.870588000000000
1911,12541646.000000000000000,13130,North-Central Interior Beech-Maple Forest,1026,-9999,852,465,0,156,44,0.000000000000000,0.611765000000000,0.172549000000000
1912,17902347.000000000000000,13170,Allegheny-Cumberland Dry Oak Forest and Woodland,37,117,11,8,186,184,148,0.729412000000000,0.721569000000000,0.580392000000000
1913,8548864.000000000000000,13210,South-Central Interior Mesophytic Forest,960,798,341,191,71,135,148,0.278431000000000,0.529412000000000,0.580392000000000
1914,1251026.000000000000000,13700,Appalachian (Hemlock-)Northern Hardwood Forest,1036,1083,-9999,529,214,255,145,0.839216000000000,1.000000000000000,0.568627000000000
1915,4702901.000000000000000,14710,Central Interior and Appalachian Floodplain Systems,-9999,429,67,58,0,191,176,0.000000000000000,0.749020000000000,0.690196000000000
1916,5198167.000000000000000,14720,Central Interior and Appalachian Riparian Systems,1001,-9999,200,166,36,255,20,0.141176000000000,1.000000000000000,0.078431000000000
1917,161719.000000000000000,14790,Central Interior and Appalachian Swamp Systems,989,-9999,-9999,989,207,61,255,0.811765000000000,0.239216000000000,1.000000000000000
1918,70731.000000000000000,14930,Central Interior and Appalachian Shrub-Herbaceous Wetland Systems,17,-9999,-9999,17,240,150,20,0.941176000000000,0.588235000000000,0.078431000000000
1919,890770.000000000000000,15180,North-Central Interior Wet Flatwoods,993,-9999,-9999,993,211,237,38,0.827451000000000,0.929412000000000,0.149020000000000
1920,11473053.000000000000000,13020,Laurentian-Acadian Northern Hardwoods Forest,983,-9999,-9999,983,76,230,0,0.298039000000000,0.901961000000000,0.000000000000000
1921,1199271.000000000000000,13030,Northeastern Interior Dry-Mesic Oak Forest,39,24,9,6,215,185,100,0.843137000000000,0.725490000000000,0.392157000000000
1922,4626269.000000000000000,13240,Northern Atlantic Coastal Plain Hardwood Forest,48,44,4,4,161,112,90,0.631373000000000,0.439216000000000,0.352941000000000
1923,767554.000000000000000,13550,Northern Atlantic Coastal Plain Pitch Pine Barrens,77,31,12,8,255,165,82,1.000000000000000,0.647059000000000,0.321569000000000
1924,1262172.000000000000000,13620,Laurentian-Acadian Northern Pine(-Oak) Forest,309,447,65,48,255,191,191,1.000000000000000,0.749020000000000,0.749020000000000
1925,5473672.000000000000000,13660,Laurentian-Acadian Pine-Hemlock-Hardwood Forest,482,998,289,153,208,255,99,0.815686000000000,1.000000000000000,0.388235000000000
1926,27558658.000000000000000,13690,Central Appalachian Dry Oak-Pine Forest,182,463,15,14,0,255,220,0.000000000000000,1.000000000000000,0.862745000000000
1927,6852477.000000000000000,13700,Appalachian (Hemlock-)Northern Hardwood Forest,1010,1122,-9999,531,214,255,145,0.839216000000000,1.000000000000000,0.568627000000000
1928,41294.000000000000000,13730,Acadian Low-Elevation Spruce-Fir-Hardwood Forest,1127,-9999,-9999,1127,130,160,100,0.509804000000000,0.627451000000000,0.392157000000000
1929,249115.000000000000000,13740,Acadian-Appalachian Montane Spruce-Fir Forest,580,-9999,-9999,580,144,107,181,0.564706000000000,0.419608000000000,0.709804000000000
1930,1508588.000000000000000,13770,Central Appalachian Pine-Oak Rocky Woodland,412,384,4645,190,255,0,77,1.000000000000000,0.000000000000000,0.301961000000000
1931,73876.000000000000000,13790,Northern Atlantic Coastal Plain Maritime Forest,74,160,9,7,237,0,179,0.929412000000000,0.000000000000000,0.701961000000000
1932,249741.000000000000000,14360,Northern Atlantic Coastal Plain Dune and Swale,10,17,-9999,6,100,31,87,0.392157000000000,0.121569000000000,0.341176000000000
1933,891377.000000000000000,14710,Central Interior and Appalachian Floodplain Systems,603,392,120,80,0,191,176,0.000000000000000,0.749020000000000,0.690196000000000
1934,83227.000000000000000,14720,Central Interior and Appalachian Riparian Systems,984,-9999,198,165,36,255,20,0.141176000000000,1.000000000000000,0.078431000000000
1935,181973.000000000000000,14750,Laurentian-Acadian Floodplain Systems,-9999,435,68,59,122,143,245,0.478431000000000,0.560784000000000,0.960784000000000
1936,30337.000000000000000,14770,Boreal Acidic Peatland Systems,935,-9999,170,144,106,0,138,0.415686000000000,0.000000000000000,0.541176000000000
1937,5303316.000000000000000,14790,Central Interior and Appalachian Swamp Systems,1011,-9999,1353,578,207,61,255,0.811765000000000,0.239216000000000,1.000000000000000
1938,2214107.000000000000000,14800,Gulf and Atlantic Coastal Plain Swamp Systems,-9999,-9999,221,221,102,212,179,0.400000000000000,0.831373000000000,0.701961000000000
1939,515699.000000000000000,14900,Gulf and Atlantic Coastal Plain Tidal Marsh Systems,508,-9999,-9999,508,255,235,0,1.000000000000000,0.921569000000000,0.000000000000000
1940,825564.000000000000000,14940,Laurentian-Acadian Shrub-Herbaceous Wetland Systems,792,-9999,-9999,792,0,168,107,0.000000000000000,0.658824000000000,0.419608000000000
1941,1331736.000000000000000,15180,North-Central Interior Wet Flatwoods,993,-9999,-9999,993,211,237,38,0.827451000000000,0.929412000000000,0.149020000000000
1942,2369900.000000000000000,15260,Laurentian-Acadian Swamp Systems,1011,-9999,-9999,1011,232,160,255,0.909804000000000,0.627451000000000,1.000000000000000
1943,25562294.000000000000000,13020,Laurentian-Acadian Northern Hardwoods Forest,2108,-9999,-9999,2108,76,230,0,0.298039000000000,0.901961000000000,0.000000000000000
1944,3002980.000000000000000,13030,Northeastern Interior Dry-Mesic Oak Forest,39,24,9,6,215,185,100,0.843137000000000,0.725490000000000,0.392157000000000
1945,372048.000000000000000,13540,Northeastern Interior Pine Barrens,77,31,12,8,255,196,82,1.000000000000000,0.768627000000000,0.321569000000000
1946,3744558.000000000000000,13620,Laurentian-Acadian Northern Pine(-Oak) Forest,309,447,65,48,255,191,191,1.000000000000000,0.749020000000000,0.749020000000000
1947,16208128.000000000000000,13660,Laurentian-Acadian Pine-Hemlock-Hardwood Forest,482,998,289,153,208,255,99,0.815686000000000,1.000000000000000,0.388235000000000
1948,8013244.000000000000000,13690,Central Appalachian Dry Oak-Pine Forest,182,463,15,14,0,255,220,0.000000000000000,1.000000000000000,0.862745000000000
1949,6191466.000000000000000,13700,Appalachian (Hemlock-)Northern Hardwood Forest,1010,1122,-9999,531,214,255,145,0.839216000000000,1.000000000000000,0.568627000000000
1950,798535.000000000000000,13730,Acadian Low-Elevation Spruce-Fir-Hardwood Forest,1053,-9999,-9999,1053,130,160,100,0.509804000000000,0.627451000000000,0.392157000000000
1951,5615791.000000000000000,13740,Acadian-Appalachian Montane Spruce-Fir Forest,580,-9999,-9999,580,144,107,181,0.564706000000000,0.419608000000000,0.709804000000000
1952,1044756.000000000000000,13770,Central Appalachian Pine-Oak Rocky Woodland,412,384,4645,190,255,0,77,1.000000000000000,0.000000000000000,0.301961000000000
1953,276217.000000000000000,13890,Acadian-Appalachian Subalpine Woodland and Heath-Krummholz,3351,1795,4331,916,150,255,231,0.588235000000000,1.000000000000000,0.905882000000000
1954,6301.000000000000000,14000,Central Appalachian Alkaline Glade and Woodland,5,19,1604,4,255,153,229,1.000000000000000,0.600000000000000,0.898039000000000
1955,13517.000000000000000,14090,Great Lakes Alvar,439,3247,-9999,387,227,235,117,0.890196000000000,0.921569000000000,0.458824000000000
1956,2849655.000000000000000,14710,Central Interior and Appalachian Floodplain Systems,603,392,120,80,0,191,176,0.000000000000000,0.749020000000000,0.690196000000000
1957,5061929.000000000000000,14720,Central Interior and Appalachian Riparian Systems,984,-9999,198,165,36,255,20,0.141176000000000,1.000000000000000,0.078431000000000
1958,4307459.000000000000000,14750,Laurentian-Acadian Floodplain Systems,-9999,435,68,59,122,143,245,0.478431000000000,0.560784000000000,0.960784000000000
1959,270732.000000000000000,14770,Boreal Acidic Peatland Systems,935,-9999,170,144,106,0,138,0.415686000000000,0.000000000000000,0.541176000000000
1960,580501.000000000000000,14790,Central Interior and Appalachian Swamp Systems,1011,-9999,1353,578,207,61,255,0.811765000000000,0.239216000000000,1.000000000000000
1961,9693.000000000000000,14800,Gulf and Atlantic Coastal Plain Swamp Systems,-9999,-9999,221,221,102,212,179,0.400000000000000,0.831373000000000,0.701961000000000
1962,37191.000000000000000,14940,Laurentian-Acadian Shrub-Herbaceous Wetland Systems,794,-9999,-9999,794,0,168,107,0.000000000000000,0.658824000000000,0.419608000000000
1963,1379103.000000000000000,15180,North-Central Interior Wet Flatwoods,993,-9999,-9999,993,211,237,38,0.827451000000000,0.929412000000000,0.149020000000000
1964,499198.000000000000000,15260,Laurentian-Acadian Swamp Systems,1011,-9999,-9999,1011,232,160,255,0.909804000000000,0.627451000000000,1.000000000000000
1965,24585856.000000000000000,13100,North-Central Interior Dry-Mesic Oak Forest and Woodland,75,47,23,13,176,163,222,0.690196000000000,0.639216000000000,0.870588000000000
1966,5892032.000000000000000,13110,North-Central Interior Dry Oak Forest and Woodland,149,151,11,9,179,207,143,0.701961000000000,0.811765000000000,0.560784000000000
1967,44775672.000000000000000,13130,North-Central Interior Beech-Maple Forest,1026,-9999,852,465,0,156,44,0.000000000000000,0.611765000000000,0.172549000000000
1968,1862368.000000000000000,13940,North-Central Interior Oak Savanna,552,187,5,5,230,213,138,0.901961000000000,0.835294000000000,0.541176000000000
1969,1626423.000000000000000,13950,North-Central Oak Barrens,341,246,5,5,255,235,176,1.000000000000000,0.921569000000000,0.690196000000000
1970,380069.000000000000000,14110,Great Lakes Wet-Mesic Lakeplain Prairie,24,-9999,-9999,24,235,255,0,0.921569000000000,1.000000000000000,0.000000000000000
1971,232622.000000000000000,14120,North-Central Interior Sand and Gravel Tallgrass Prairie,4,-9999,89,3,214,0,157,0.839216000000000,0.000000000000000,0.615686000000000
1972,1599930.000000000000000,14210,Central Tallgrass Prairie,4,-9999,-9999,4,232,255,196,0.909804000000000,1.000000000000000,0.768627000000000
1973,4057970.000000000000000,14710,Central Interior and Appalachian Floodplain Systems,-9999,426,68,59,0,191,176,0.000000000000000,0.749020000000000,0.690196000000000
1974,4933539.000000000000000,14790,Central Interior and Appalachian Swamp Systems,989,-9999,-9999,989,207,61,255,0.811765000000000,0.239216000000000,1.000000000000000
1975,320701.000000000000000,14920,Great Lakes Coastal Marsh Systems,-9999,-9999,-9999,-9999,122,245,202,0.478431000000000,0.960784000000000,0.792157000000000
1976,773374.000000000000000,14930,Central Interior and Appalachian Shrub-Herbaceous Wetland Systems,17,-9999,-9999,17,240,150,20,0.941176000000000,0.588235000000000,0.078431000000000
1977,1396512.000000000000000,15180,North-Central Interior Wet Flatwoods,993,-9999,-9999,993,211,237,38,0.827451000000000,0.929412000000000,0.149020000000000
1978,34052590.000000000000000,13020,Laurentian-Acadian Northern Hardwoods Forest,983,-9999,-9999,983,76,230,0,0.298039000000000,0.901961000000000,0.000000000000000
1979,350560.000000000000000,13240,Northern Atlantic Coastal Plain Hardwood Forest,48,44,4,4,161,112,90,0.631373000000000,0.439216000000000,0.352941000000000
1980,69869.000000000000000,13440,Boreal Jack Pine-Black Spruce Forest,214,-9999,-9999,214,255,140,140,1.000000000000000,0.549020000000000,0.549020000000000
1981,666285.000000000000000,13540,Northeastern Interior Pine Barrens,77,31,12,8,255,196,82,1.000000000000000,0.768627000000000,0.321569000000000
1982,2744735.000000000000000,13620,Laurentian-Acadian Northern Pine(-Oak) Forest,309,447,65,48,255,191,191,1.000000000000000,0.749020000000000,0.749020000000000
1983,9355229.000000000000000,13660,Laurentian-Acadian Pine-Hemlock-Hardwood Forest,482,998,289,153,208,255,99,0.815686000000000,1.000000000000000,0.388235000000000
1984,2499117.000000000000000,13690,Central Appalachian Dry Oak-Pine Forest,182,463,15,14,0,255,220,0.000000000000000,1.000000000000000,0.862745000000000
1985,5245273.000000000000000,13700,Appalachian (Hemlock-)Northern Hardwood Forest,1010,1122,-9999,531,214,255,145,0.839216000000000,1.000000000000000,0.568627000000000
1986,45368693.000000000000000,13730,Acadian Low-Elevation Spruce-Fir-Hardwood Forest,1127,-9999,-9999,1127,130,160,100,0.509804000000000,0.627451000000000,0.392157000000000
1987,6411944.000000000000000,13740,Acadian-Appalachian Montane Spruce-Fir Forest,580,-9999,-9999,580,144,107,181,0.564706000000000,0.419608000000000,0.709804000000000
1988,708780.000000000000000,13770,Central Appalachian Pine-Oak Rocky Woodland,412,384,4645,190,255,0,77,1.000000000000000,0.000000000000000,0.301961000000000
1989,206561.000000000000000,13860,Acadian-Appalachian Alpine Tundra,-9999,-9999,-9999,-9999,200,3,125,0.784314000000000,0.011765000000000,0.490196000000000
1990,72203.000000000000000,13890,Acadian-Appalachian Subalpine Woodland and Heath-Krummholz,3351,1795,4331,916,150,255,231,0.588235000000000,1.000000000000000,0.905882000000000
1991,149036.000000000000000,14360,Northern Atlantic Coastal Plain Dune and Swale,10,17,-9999,6,100,31,87,0.392157000000000,0.121569000000000,0.341176000000000
1992,8267.000000000000000,14720,Central Interior and Appalachian Riparian Systems,984,-9999,198,165,36,255,20,0.141176000000000,1.000000000000000,0.078431000000000
1993,932263.000000000000000,14750,Laurentian-Acadian Floodplain Systems,-9999,435,68,59,122,143,245,0.478431000000000,0.560784000000000,0.960784000000000
1994,1321675.000000000000000,14770,Boreal Acidic Peatland Systems,935,-9999,170,144,106,0,138,0.415686000000000,0.000000000000000,0.541176000000000
1995,192717.000000000000000,14790,Central Interior and Appalachian Swamp Systems,1011,-9999,1353,578,207,61,255,0.811765000000000,0.239216000000000,1.000000000000000
1996,755288.000000000000000,14800,Gulf and Atlantic Coastal Plain Swamp Systems,-9999,-9999,221,221,102,212,179,0.400000000000000,0.831373000000000,0.701961000000000
1997,122410.000000000000000,14900,Gulf and Atlantic Coastal Plain Tidal Marsh Systems,508,-9999,-9999,508,255,235,0,1.000000000000000,0.921569000000000,0.000000000000000
1998,2131302.000000000000000,14940,Laurentian-Acadian Shrub-Herbaceous Wetland Systems,792,-9999,-9999,792,0,168,107,0.000000000000000,0.658824000000000,0.419608000000000
1999,6430574.000000000000000,15260,Laurentian-Acadian Swamp Systems,1011,-9999,-9999,1011,232,160,255,0.909804000000000,0.627451000000000,1.000000000000000
2000,1164496.000000000000000,13050,Southern Interior Low Plateau Dry-Mesic Oak Forest,2,1007,15,2,184,156,33,0.721569000000000,0.611765000000000,0.129412000000000
2001,204169.000000000000000,13090,Southern Appalachian Northern Hardwood Forest,681,665,341,169,163,156,46,0.639216000000000,0.611765000000000,0.180392000000000
2002,2185277.000000000000000,13150,Southern Appalachian Oak Forest,604,138,16,14,181,227,194,0.709804000000000,0.890196000000000,0.760784000000000
2003,19429496.000000000000000,13170,Allegheny-Cumberland Dry Oak Forest and Woodland,91,1199,6,6,186,184,148,0.729412000000000,0.721569000000000,0.580392000000000
2004,2444238.000000000000000,13180,Southern and Central Appalachian Cove Forest,555,727,88,69,138,177,255,0.541176000000000,0.694118000000000,1.000000000000000
2005,33164383.000000000000000,13210,South-Central Interior Mesophytic Forest,869,534,86,68,71,135,148,0.278431000000000,0.529412000000000,0.580392000000000
2006,22653.000000000000000,13520,Southern Appalachian Montane Pine Forest and Woodland,88,101,5,5,117,71,197,0.458824000000000,0.278431000000000,0.772549000000000
2007,40720.000000000000000,13530,Southern Appalachian Low-Elevation Pine Forest,153,66,9,7,255,200,97,1.000000000000000,0.784314000000000,0.380392000000000
2008,6310.000000000000000,13630,Central Interior Highlands Dry Acidic Glade and Barrens,29,16,7,4,229,38,0,0.898039000000000,0.149020000000000,0.000000000000000
2009,566579.000000000000000,13700,Appalachian (Hemlock-)Northern Hardwood Forest,1036,1083,-9999,529,214,255,145,0.839216000000000,1.000000000000000,0.568627000000000
2010,94286.000000000000000,13760,Southern Ridge and Valley/Cumberland Dry Calcareous Forest,187,109,8,7,222,153,122,0.870588000000000,0.600000000000000,0.478431000000000
2011,110426.000000000000000,14010,Central Interior Highlands Calcareous Glade and Barrens,19,16,5,3,255,235,20,1.000000000000000,0.921569000000000,0.078431000000000
2012,1866054.000000000000000,14710,Central Interior and Appalachian Floodplain Systems,613,392,121,80,0,191,176,0.000000000000000,0.749020000000000,0.690196000000000
2013,4803714.000000000000000,14720,Central Interior and Appalachian Riparian Systems,997,-9999,202,168,36,255,20,0.141176000000000,1.000000000000000,0.078431000000000
2014,128839.000000000000000,14790,Central Interior and Appalachian Swamp Systems,987,-9999,-9999,987,207,61,255,0.811765000000000,0.239216000000000,1.000000000000000
2015,441475.000000000000000,13040,Ozark-Ouachita Dry-Mesic Oak Forest,188,66,15,11,115,115,0,0.450980000000000,0.450980000000000,0.000000000000000
2016,788394.000000000000000,13050,Southern Interior Low Plateau Dry-Mesic Oak Forest,61,117,9,7,184,156,33,0.721569000000000,0.611765000000000,0.129412000000000
2017,54554325.000000000000000,13100,North-Central Interior Dry-Mesic Oak Forest and Woodland,75,47,23,13,176,163,222,0.690196000000000,0.639216000000000,0.870588000000000
2018,1496653.000000000000000,13110,North-Central Interior Dry Oak Forest and Woodland,149,149,11,9,179,207,143,0.701961000000000,0.811765000000000,0.560784000000000
2019,138939.000000000000000,13130,North-Central Interior Beech-Maple Forest,1026,-9999,852,465,0,156,44,0.000000000000000,0.611765000000000,0.172549000000000
2020,6927656.000000000000000,13140,North-Central Interior Maple-Basswood Forest,1030,-9999,845,464,237,161,102,0.929412000000000,0.631373000000000,0.400000000000000
2021,5211310.000000000000000,13210,South-Central Interior Mesophytic Forest,708,809,548,223,71,135,148,0.278431000000000,0.529412000000000,0.580392000000000
2022,3812.000000000000000,13260,South-Central Interior/Upper Coastal Plain Flatwoods,128,33,17,10,156,237,38,0.611765000000000,0.929412000000000,0.149020000000000
2023,385072.000000000000000,13640,Ozark-Ouachita Dry Oak Woodland,38,89,6,5,97,69,0,0.380392000000000,0.270588000000000,0.000000000000000
2024,83777.000000000000000,13940,North-Central Interior Oak Savanna,550,189,5,5,230,213,138,0.901961000000000,0.835294000000000,0.541176000000000
2025,1662.000000000000000,13950,North-Central Oak Barrens,341,246,5,5,255,235,176,1.000000000000000,0.921569000000000,0.690196000000000
2026,204913.000000000000000,14010,Central Interior Highlands Calcareous Glade and Barrens,19,16,5,3,255,235,20,1.000000000000000,0.921569000000000,0.078431000000000
2027,3266.000000000000000,14110,Great Lakes Wet-Mesic Lakeplain Prairie,24,-9999,-9999,24,235,255,0,0.921569000000000,1.000000000000000,0.000000000000000
2028,91006.000000000000000,14120,North-Central Interior Sand and Gravel Tallgrass Prairie,4,-9999,87,3,214,0,157,0.839216000000000,0.000000000000000,0.615686000000000
2029,100466230.000000000000000,14210,Central Tallgrass Prairie,4,-9999,-9999,4,232,255,196,0.909804000000000,1.000000000000000,0.768627000000000
2030,30307.000000000000000,14570,South-Central Interior/Upper Coastal Plain Wet Flatwoods,93,120,13,11,186,237,38,0.729412000000000,0.929412000000000,0.149020000000000
2031,465708.000000000000000,14660,Great Lakes Wooded Dune and Swale,2663,533,-9999,444,181,0,0,0.709804000000000,0.000000000000000,0.000000000000000
2032,445048.000000000000000,14690,Eastern Great Plains Floodplain Systems,510,76,177,48,75,170,190,0.294118000000000,0.666667000000000,0.745098000000000
2033,986513.000000000000000,14710,Central Interior and Appalachian Floodplain Systems,-9999,426,68,59,0,191,176,0.000000000000000,0.749020000000000,0.690196000000000
2034,29635.000000000000000,14720,Central Interior and Appalachian Riparian Systems,996,-9999,198,165,36,255,20,0.141176000000000,1.000000000000000,0.078431000000000
2035,3700.000000000000000,15170,Paleozoic Plateau Bluff and Talus,15,126,102,12,106,117,0,0.415686000000000,0.458824000000000,0.000000000000000
2036,529303.000000000000000,15180,North-Central Interior Wet Flatwoods,993,-9999,-9999,993,211,237,38,0.827451000000000,0.929412000000000,0.149020000000000
2037,3227019.000000000000000,13040,Ozark-Ouachita Dry-Mesic Oak Forest,188,66,15,11,115,115,0,0.450980000000000,0.450980000000000,0.000000000000000
2039,9560011.000000000000000,13100,North-Central Interior Dry-Mesic Oak Forest and Woodland,126,50,76,24,176,163,222,0.690196000000000,0.639216000000000,0.870588000000000
2040,80967.000000000000000,13110,North-Central Interior Dry Oak Forest and Woodland,141,111,11,9,179,207,143,0.701961000000000,0.811765000000000,0.560784000000000
2041,17903151.000000000000000,13140,North-Central Interior Maple-Basswood Forest,1027,-9999,857,467,237,161,102,0.929412000000000,0.631373000000000,0.400000000000000
2042,87411.000000000000000,13340,Ozark-Ouachita Mesic Hardwood Forest,316,110,25,19,0,135,74,0.000000000000000,0.529412000000000,0.290196000000000
2043,188202.000000000000000,13950,North-Central Oak Barrens,341,246,5,5,255,235,176,1.000000000000000,0.921569000000000,0.690196000000000
2044,180796.000000000000000,14010,Central Interior Highlands Calcareous Glade and Barrens,19,16,5,3,255,235,20,1.000000000000000,0.921569000000000,0.078431000000000
2045,391557.000000000000000,14120,North-Central Interior Sand and Gravel Tallgrass Prairie,4,-9999,87,3,214,0,157,0.839216000000000,0.000000000000000,0.615686000000000
2046,51764121.000000000000000,14210,Central Tallgrass Prairie,4,-9999,-9999,4,232,255,196,0.909804000000000,1.000000000000000,0.768627000000000
2047,6777740.000000000000000,14230,Southeastern Great Plains Tallgrass Prairie,2,80,503,2,135,75,120,0.529412000000000,0.294118000000000,0.470588000000000
2048,1096712.000000000000000,14690,Eastern Great Plains Floodplain Systems,517,77,176,48,75,170,190,0.294118000000000,0.666667000000000,0.745098000000000
2049,9252517.000000000000000,14710,Central Interior and Appalachian Floodplain Systems,-9999,-9999,-9999,-9999,0,191,176,0.000000000000000,0.749020000000000,0.690196000000000
2050,284683.000000000000000,14880,Eastern Great Plains Wet Meadow-Prairie-Marsh,3,-9999,-9999,3,148,20,51,0.580392000000000,0.078431000000000,0.200000000000000
2051,367270.000000000000000,15180,North-Central Interior Wet Flatwoods,993,-9999,-9999,993,211,237,38,0.827451000000000,0.929412000000000,0.149020000000000
2054,92.000000000000000,11320,Central Mixedgrass Prairie,8,-9999,161,8,112,168,112,0.439216000000000,0.658824000000000,0.439216000000000
2055,5864.000000000000000,11480,Western Great Plains Sand Prairie,15,12,12,4,245,218,169,0.960784000000000,0.854902000000000,0.662745000000000
2060,16.000000000000000,13100,North-Central Interior Dry-Mesic Oak Forest and Woodland,126,50,76,24,176,163,222,0.690196000000000,0.639216000000000,0.870588000000000
2062,2516.000000000000000,14210,Central Tallgrass Prairie,4,-9999,-9999,4,232,255,196,0.909804000000000,1.000000000000000,0.768627000000000
2064,172.000000000000000,14690,Eastern Great Plains Floodplain Systems,510,76,177,48,75,170,190,0.294118000000000,0.666667000000000,0.745098000000000
2065,414.000000000000000,14880,Eastern Great Plains Wet Meadow-Prairie-Marsh,3,-9999,-9999,3,148,20,51,0.580392000000000,0.078431000000000,0.200000000000000
2067,46461899.000000000000000,13050,Southern Interior Low Plateau Dry-Mesic Oak Forest,6,199,21,4,184,156,33,0.721569000000000,0.611765000000000,0.129412000000000
2068,2753599.000000000000000,13060,East Gulf Coastal Plain Northern Loess Plain Oak-Hickory Upland,386,87,9,8,217,148,171,0.850980000000000,0.580392000000000,0.670588000000000
2069,291.000000000000000,13070,East Gulf Coastal Plain Northern Dry Upland Hardwood Forest,388,89,9,8,222,205,149,0.870588000000000,0.803922000000000,0.584314000000000
2070,1108140.000000000000000,13100,North-Central Interior Dry-Mesic Oak Forest and Woodland,162,160,11,9,176,163,222,0.690196000000000,0.639216000000000,0.870588000000000
2071,7502393.000000000000000,13130,North-Central Interior Beech-Maple Forest,1004,-9999,836,456,0,156,44,0.000000000000000,0.611765000000000,0.172549000000000
2072,27981124.000000000000000,13210,South-Central Interior Mesophytic Forest,869,534,86,68,71,135,148,0.278431000000000,0.529412000000000,0.580392000000000
2073,112721.000000000000000,13250,East Gulf Coastal Plain Northern Mesic Hardwood Slope Forest,404,159,52,36,168,124,35,0.658824000000000,0.486275000000000,0.137255000000000
2074,305912.000000000000000,13260,South-Central Interior/Upper Coastal Plain Flatwoods,187,182,5,5,156,237,38,0.611765000000000,0.929412000000000,0.149020000000000
2075,554470.000000000000000,13270,East Gulf Coastal Plain Northern Loess Bluff Forest,394,356,152,84,232,161,212,0.909804000000000,0.631373000000000,0.831373000000000
2076,1209260.000000000000000,13530,Southern Appalachian Low-Elevation Pine Forest,100,1204,2,2,255,200,97,1.000000000000000,0.784314000000000,0.380392000000000
2077,2430.000000000000000,13570,Southern Coastal Plain Mesic Slope Forest,402,159,52,35,191,151,71,0.749020000000000,0.592157000000000,0.278431000000000
2078,992556.000000000000000,13630,Central Interior Highlands Dry Acidic Glade and Barrens,29,16,7,4,229,38,0,0.898039000000000,0.149020000000000,0.000000000000000
2079,4005638.000000000000000,14010,Central Interior Highlands Calcareous Glade and Barrens,19,16,5,3,255,235,20,1.000000000000000,0.921569000000000,0.078431000000000
2080,1367396.000000000000000,14130,Bluegrass Savanna and Woodland,81,132,62,28,199,227,148,0.780392000000000,0.890196000000000,0.580392000000000
2081,92478.000000000000000,14180,Pennyroyal Karst Plain Prairie and Barrens,2,75,22,1,232,227,138,0.909804000000000,0.890196000000000,0.541176000000000
2082,54683.000000000000000,14270,East Gulf Coastal Plain Jackson Plain Prairie and Barrens,18,34,12,6,252,245,171,0.988235000000000,0.960784000000000,0.670588000000000
2083,288900.000000000000000,14570,South-Central Interior/Upper Coastal Plain Wet Flatwoods,189,118,9,8,186,237,38,0.729412000000000,0.929412000000000,0.149020000000000
2084,16416253.000000000000000,14710,Central Interior and Appalachian Floodplain Systems,613,392,121,80,0,191,176,0.000000000000000,0.749020000000000,0.690196000000000
2085,5594163.000000000000000,14720,Central Interior and Appalachian Riparian Systems,990,-9999,200,167,36,255,20,0.141176000000000,1.000000000000000,0.078431000000000
2086,1932570.000000000000000,14730,Gulf and Atlantic Coastal Plain Floodplain Systems,115,-9999,100,53,102,119,205,0.400000000000000,0.466667000000000,0.803922000000000
2087,10090.000000000000000,14740,Gulf and Atlantic Coastal Plain Small Stream Riparian Systems,477,202,131,68,171,185,235,0.670588000000000,0.725490000000000,0.921569000000000
2088,5547919.000000000000000,14790,Central Interior and Appalachian Swamp Systems,987,-9999,-9999,987,207,61,255,0.811765000000000,0.239216000000000,1.000000000000000
2089,277513.000000000000000,14800,Gulf and Atlantic Coastal Plain Swamp Systems,-9999,-9999,219,219,102,212,179,0.400000000000000,0.831373000000000,0.701961000000000
2090,44311.000000000000000,15090,Mississippi River Alluvial Plain Dry-Mesic Loess Slope Forest,479,106,88,44,0,107,82,0.000000000000000,0.419608000000000,0.321569000000000
2091,1575703.000000000000000,15180,North-Central Interior Wet Flatwoods,993,-9999,-9999,993,211,237,38,0.827451000000000,0.929412000000000,0.149020000000000
2117,40036866.000000000000000,13100,North-Central Interior Dry-Mesic Oak Forest and Woodland,126,50,76,24,176,163,222,0.690196000000000,0.639216000000000,0.870588000000000
2118,193103.000000000000000,13110,North-Central Interior Dry Oak Forest and Woodland,141,111,11,9,179,207,143,0.701961000000000,0.811765000000000,0.560784000000000
2119,4834915.000000000000000,13140,North-Central Interior Maple-Basswood Forest,1027,-9999,857,467,237,161,102,0.929412000000000,0.631373000000000,0.400000000000000
2120,1543622.000000000000000,13850,Western Great Plains Wooded Draw and Ravine,91,65,230,32,168,168,0,0.658824000000000,0.658824000000000,0.000000000000000
2121,575913.000000000000000,13940,North-Central Interior Oak Savanna,530,167,5,5,230,213,138,0.901961000000000,0.835294000000000,0.541176000000000
2122,20262.000000000000000,13950,North-Central Oak Barrens,341,246,5,5,255,235,176,1.000000000000000,0.921569000000000,0.690196000000000
2123,1824521.000000000000000,14120,North-Central Interior Sand and Gravel Tallgrass Prairie,4,-9999,87,3,214,0,157,0.839216000000000,0.000000000000000,0.615686000000000
2124,29557710.000000000000000,14200,Northern Tallgrass Prairie,6,-9999,-9999,6,184,132,29,0.721569000000000,0.517647000000000,0.113725000000000
2125,45747641.000000000000000,14210,Central Tallgrass Prairie,4,-9999,-9999,4,232,255,196,0.909804000000000,1.000000000000000,0.768627000000000
2126,5168667.000000000000000,14690,Eastern Great Plains Floodplain Systems,510,76,177,48,75,170,190,0.294118000000000,0.666667000000000,0.745098000000000
2127,11800394.000000000000000,14710,Central Interior and Appalachian Floodplain Systems,-9999,-9999,-9999,-9999,0,191,176,0.000000000000000,0.749020000000000,0.690196000000000
2128,163905.000000000000000,14790,Central Interior and Appalachian Swamp Systems,987,-9999,-9999,987,207,61,255,0.811765000000000,0.239216000000000,1.000000000000000
2129,520483.000000000000000,14880,Eastern Great Plains Wet Meadow-Prairie-Marsh,3,-9999,-9999,3,148,20,51,0.580392000000000,0.078431000000000,0.200000000000000
2130,456123.000000000000000,14930,Central Interior and Appalachian Shrub-Herbaceous Wetland Systems,17,-9999,-9999,17,240,150,20,0.941176000000000,0.588235000000000,0.078431000000000
2131,1622160.000000000000000,15170,Paleozoic Plateau Bluff and Talus,15,126,102,12,106,117,0,0.415686000000000,0.458824000000000,0.000000000000000
2132,14548060.000000000000000,13040,Ozark-Ouachita Dry-Mesic Oak Forest,188,66,15,11,115,115,0,0.450980000000000,0.450980000000000,0.000000000000000
2133,289.000000000000000,13080,Crosstimbers Oak Forest and Woodland,157,93,5,5,137,90,68,0.537255000000000,0.352941000000000,0.266667000000000
2134,3380041.000000000000000,13100,North-Central Interior Dry-Mesic Oak Forest and Woodland,123,49,76,24,176,163,222,0.690196000000000,0.639216000000000,0.870588000000000
2135,14003711.000000000000000,13110,North-Central Interior Dry Oak Forest and Woodland,107,99,19,14,179,207,143,0.701961000000000,0.811765000000000,0.560784000000000
2136,8.000000000000000,13120,Ouachita Montane Oak Forest,38,89,6,5,0,38,115,0.000000000000000,0.149020000000000,0.450980000000000
2137,2062827.000000000000000,13140,North-Central Interior Maple-Basswood Forest,1027,-9999,857,467,237,161,102,0.929412000000000,0.631373000000000,0.400000000000000
2139,2837746.000000000000000,13340,Ozark-Ouachita Mesic Hardwood Forest,316,110,25,19,0,135,74,0.000000000000000,0.529412000000000,0.290196000000000
2140,32262790.000000000000000,13640,Ozark-Ouachita Dry Oak Woodland,38,89,6,5,97,69,0,0.380392000000000,0.270588000000000,0.000000000000000
2141,6006213.000000000000000,13670,Ozark-Ouachita Shortleaf Pine-Oak Forest and Woodland,347,92,5,5,196,164,100,0.768627000000000,0.643137000000000,0.392157000000000
2144,20009412.000000000000000,13940,North-Central Interior Oak Savanna,550,189,5,5,230,213,138,0.901961000000000,0.835294000000000,0.541176000000000
2145,844540.000000000000000,14010,Central Interior Highlands Calcareous Glade and Barrens,19,16,5,3,255,235,20,1.000000000000000,0.921569000000000,0.078431000000000
2146,6.000000000000000,14151,Arkansas Valley Prairie and Woodland-Prairie,2,344,12,2,255,120,187,1.000000000000000,0.470588000000000,0.733333000000000
2148,4324505.000000000000000,14210,Central Tallgrass Prairie,4,-9999,-9999,4,232,255,196,0.909804000000000,1.000000000000000,0.768627000000000
2149,6891680.000000000000000,14230,Southeastern Great Plains Tallgrass Prairie,2,80,503,2,135,75,120,0.529412000000000,0.294118000000000,0.470588000000000
2152,1940278.000000000000000,14710,Central Interior and Appalachian Floodplain Systems,-9999,-9999,-9999,-9999,0,191,176,0.000000000000000,0.749020000000000,0.690196000000000
2153,2239391.000000000000000,14712,Central Interior and Appalachian Floodplain Systems-Large Floodplains,142,-9999,100,59,48,237,56,0.188235000000000,0.929412000000000,0.219608000000000
2154,335387.000000000000000,14720,Central Interior and Appalachian Riparian Systems,990,-9999,200,167,36,255,20,0.141176000000000,1.000000000000000,0.078431000000000
2155,175850.000000000000000,14730,Gulf and Atlantic Coastal Plain Floodplain Systems,393,257,49,37,102,119,205,0.400000000000000,0.466667000000000,0.803922000000000
2158,38873.000000000000000,14930,Central Interior and Appalachian Shrub-Herbaceous Wetland Systems,17,-9999,-9999,17,240,150,20,0.941176000000000,0.588235000000000,0.078431000000000
2160,1860317.000000000000000,15070,Ozark-Ouachita Shortleaf Pine-Bluestem Woodland,100,1223,2,2,68,137,112,0.266667000000000,0.537255000000000,0.439216000000000
2723,1617802.000000000000000,13620,Laurentian-Acadian Northern Pine(-Oak) Forest,355,680,12,11,255,191,191,1.000000000000000,0.749020000000000,0.749020000000000
2724,9731564.000000000000000,13622,Laurentian-Acadian Northern Pine(-Oak) Forest-Pine Dominated,230,-9999,40,34,255,167,127,1.000000000000000,0.654902000000000,0.498039000000000
2725,2200592.000000000000000,13620,Laurentian-Acadian Northern Pine(-Oak) Forest,355,680,12,11,255,191,191,1.000000000000000,0.749020000000000,0.749020000000000
2726,8533449.000000000000000,13622,Laurentian-Acadian Northern Pine(-Oak) Forest-Pine Dominated,230,-9999,40,34,255,167,127,1.000000000000000,0.654902000000000,0.498039000000000
